2088;2001252;EAST LOOE (2088);PL13 1DS;DSP_LIVE
2092;2001254;READING (2092);RG1 2AH;DSP_LIVE
6161;2000000;Newark Northgate(6161);NG24 1GA;DSP_LIVE
0021;2000002;Bingham Eaton Place(0021);NG13 8BD;DSP_LIVE
5352;2001452;HARLOW (5352);CM18 6NS;DSP_LIVE
166;2000626;HAVERHILL (166);CB9 8AD;DSP_LIVE
1244;2001003;THORNTON-CLEVELEYS (1244);FY5 1BS;DSP_LIVE
167;2000627;ST. IVES (167);PE27 5AH;DSP_LIVE
74;2000128;Hinckley Britannia Ctr (74);LE10 1RU;DSP_LIVE
162;2000130;Stone High St (162);ST15 8AW ;DSP_LIVE
256;2000131;Redditch Kingfisher Sc (256);B97 4EY;DSP_LIVE
285;2000132;Aberdare Commercial Street;CF44 7RW;DSP_LIVE
328;2000133;Pembroke Dock Dimond Street;SA72 6AH;DSP_LIVE
341;2000134;Treorchy High Street;CF42 6AT;DSP_LIVE
366;2000136;Newtown High Street;SY16 2NU ;DSP_LIVE
380;2000137;Rhyl High Street;LL18 1EN ;DSP_LIVE
421;2000138;Mold 19-21 High Street;CH7 1AZ ;DSP_LIVE
443;2000139;Llandudno Victoria Centre;LL30 2NG;DSP_LIVE
451;2000140;Chepstow High Street;NP16 5LQ ;DSP_LIVE
455;2000141;Llandrindod Wells Station Crescent;LD1 5BB;DSP_LIVE
458;2000142;Aberaeron Bridge Street;SA46 0AP ;DSP_LIVE
468;2000144;Tonypandy Dunraven Street;CF40 1AS;DSP_LIVE
617;2000145;Airdrie 19 Graham St (617);ML6 6DD ;DSP_LIVE
728;2000147;London Poplar (728);E14 6BT ;DSP_LIVE
786;2000149;London Holloway Rd (786);N7 6QA ;DSP_LIVE
836;2000150;Bromley The Glades Sc (836);BR 1HD;DSP_LIVE
853;2000151;London Wimbledon Ctr Ct Sc (853);SW19 8YE ;DSP_LIVE
1019;2000153;Romsey The Hundred (1019);SO51 8GD ;DSP_LIVE
1023;2000154;Fareham Westbury Mall (1023);PO16 0PE ;DSP_LIVE
1038;2000155;Slough High St (1038);SL1 1JR ;DSP_LIVE
1001;2000156;Isle of Wight Ryde High St (1001);PO33 2HW;DSP_LIVE
1076;2000157;South Ockendon Derwent Pde (1076);RM15 5EF;DSP_LIVE
1112;2000158;Manchester Longsight (1112);M13 0RQ ;DSP_LIVE
1113;2000159;Formby Chapel Ln (1113);L37 4DL;DSP_LIVE
1144;2000160;Oldham Chadderton (1144);OL9 0LQ;DSP_LIVE
1147;2000162;Skelmersdale (1147);WN8 6ND ;DSP_LIVE
1150;2000163;Liverpool Clayton Sq Sc (1150);L1 1QR;DSP_LIVE
1188;2000164;Manchester Middleton Sc (1188);M24 4EL;DSP_LIVE
1223;2000165;Wigan Leigh (1223);WN7 4NB;DSP_LIVE
1227;2000166;Manchester Atherton (1227);M46 0DP;DSP_LIVE
1236;2000167;Liverpool Crosby (1236);L23 5SF;DSP_LIVE
1251;2000168;Stockport Edgeley (1251);SK3 9AL ;DSP_LIVE
1255;2000169;Droylsden Queens Walk (1255);M43 7AD;DSP_LIVE
1317;2000170;Petersfield Swan Surgery (1317);GU32 3AB;DSP_LIVE
1322;2000171;Thatcham Hc (1322);RG18 3HD;DSP_LIVE
630;2000174;Greenock Hamilton Way (630);PA15 1RQ ;DSP_LIVE
642;2000175;Montrose High St (642);DD10 8QZ ;DSP_LIVE
1333;2000176;Derby Chaddesden Derw Pk Hc (1333);DE21 6AT;DSP_LIVE
1352;2000177;Runcorn Hallwood Hc (1352);WA7 2UT;DSP_LIVE
1420;2000178;Carshalton Middleton Rd (1420);SM5 1HA ;DSP_LIVE
1813;2000179;Harlow Broad Walk (1813);CM20 1JA ;DSP_LIVE
1817;2000180;Romford Farnham Rd (1817);RM3 8DX ;DSP_LIVE
1862;2000181;Selsey High St (1862);PO20 0QB;DSP_LIVE
2030;2000182;Northwich Witton St (2030);CW9 5DH ;DSP_LIVE
2074;2000183;Brecon Bethal Square;LD3 7JP;DSP_LIVE
2105;2000184;Tredegar Gwent Shopping Centre;NP22 3EJ;DSP_LIVE
6028;2000185;East Kilbride The Plz (6028);G74 1LW;DSP_LIVE
616;2000188;Alexandria Main St (616);G83 0NX ;DSP_LIVE
6478;2000189;Liverpool New Mersey Rp (6478);L24 8QB;DSP_LIVE
65;2000190;Rustington 6-7 Churchill Pde (65);BN16 3DJ;DSP_LIVE
165;2000191;Biggleswade Market Sq (165);SG18 8AS ;DSP_LIVE
217;2000192;Birmingham Chelmsley Wood (217);B37 5TL;DSP_LIVE
600;2000193;Glasgow 200 Sauchiehall St (600);G2 3EN ;DSP_LIVE
622;2000194;Motherwell Brandon Pde South (622);ML1 1RE;DSP_LIVE
644;2000195;Glasgow Silverburn Sc (644);G53 6AG ;DSP_LIVE
650;2000196;Edinburgh 101-103 Princes St (650);EH2 3AA ;DSP_LIVE
669;2000197;Dundee High St (669);DD1 1UL ;DSP_LIVE
715;2000198;Basildon Town Sq (715);SS14 1BA ;DSP_LIVE
717;2000199;Ilford 177-185 High Rd (717);IG1 1DG ;DSP_LIVE
720;2000200;London Wembley High Rd (720);HA9 7BH ;DSP_LIVE
740;2000201;Hounslow High St (740);TW3 1BL ;DSP_LIVE
746;2000202;London Brent Cross Sc (746);NW4 3FB;DSP_LIVE
781;2000204;London Swiss Cottage (781);NW3 6JP;DSP_LIVE
798;2000205;Barnet High St (798);EN5 5XP ;DSP_LIVE
846;2000207;Bexleyheath Broadway Sc (846);DA6 7JJ;DSP_LIVE
858;2000208;Sutton High St (858);SM1 1JG ;DSP_LIVE
892;2000209;London Eltham (892);SE9 1BW;DSP_LIVE
940;2000210;Chatham Pentagon Ctr (940);ME4 4BB;DSP_LIVE
953;2000211;Aldershot Wellington Ctr (953);GU11 1DB;DSP_LIVE
1012;2000213;Alton 52 High St (1012);GU34 1ET ;DSP_LIVE
1240;2000214;Prescot Eccleston St (1240);L34 5QJ ;DSP_LIVE
1356;2000215;Romford Market Pl (1356);RM1 3AB ;DSP_LIVE
1452;2000216;New Milton Station Rd (1452);BH25 6HY;DSP_LIVE
1455;2000217;Dagenham Heathway The Mall (1455);RM10 8RE;DSP_LIVE
1465;2000218;Burgess Hill Market Pl (1465);RH15 9NP;DSP_LIVE
1829;2000219;Frinton On Sea Connaught Ave (1829);CO13 9PW ;DSP_LIVE
2014;2000220;Bicester Sheep St (2014);OX26 6JJ ;DSP_LIVE
2110;2000221;Milford Haven Havens Head;SA73 3AU;DSP_LIVE
6050;2000222;Kelso The Sq (6050);TD5 7HH ;DSP_LIVE
6052;2000223;Glasgow Braehead Ctr (6052);G51 4BP;DSP_LIVE
2028;2000224;Glasgow Cmbrnd Antonine Sc (2028);G67 1JW;DSP_LIVE
5067;2000225;London Walthamstow Selbn Wk (5067);E17 7JR ;DSP_LIVE
6449;2000226;Aberdeen Garthdee Rd Rp (6449);AB10 7AY;DSP_LIVE
6450;2000227;Pboro Serpentine Green (6450);PE7 8BE;DSP_LIVE
6487;2000228;Kirkcaldy Fife Central Rp (6487);KY2 6QL;DSP_LIVE
682;2000230;Falkirk 79-91 High St (682);FK1 1HB ;DSP_LIVE
1302;2000231;Rawtenstall Bacup Rd Hc (1302);BB4 7PL;DSP_LIVE
1671;2000233;IOW Ryde Tower Hse (1671);PO33 1LP;DSP_LIVE
1206;2000234;Manchester Middleton Hc (1206);M24 4DZ;DSP_LIVE
1208;2000235;Frodsham The Princeway Hc (1208);WA6 6RX;DSP_LIVE
1269;2000236;Coventry Farren Rd (1269);CV2 5EP;DSP_LIVE
1283;2000237;Waltham Cross Goffs Oak (1283);EN7 5ET;DSP_LIVE
5291;2000239;Halesworth Market Pl (5291);IP19 8AY ;DSP_LIVE
5292;2000240;Faringdon Market Pl (5292);SN7 7HP ;DSP_LIVE
5296;2000241;Stalham High St (5296);NR12 9AS;DSP_LIVE
1303;2000242;Nottm Bilboro Bracebridge (1303);NG8 4PN;DSP_LIVE
1401;2000243;Appleby in Westmorland (1401);CA16 6XF;DSP_LIVE
1417;2000244;Llandysul Lincoln Street;SA44 4BJ ;DSP_LIVE
1429;2000245;Nuneaton Camp Hill (1429);CV10 9FB;DSP_LIVE
1591;2000246;St Osyth Clacton Rd (1591);CO16 8PA;DSP_LIVE
1599;2000247;Lpool Litherland Seaforth (1599);L21 3TX ;DSP_LIVE
2201;2000248;Nuneaton St Nicholas Pk (2201);CV11 6DG ;DSP_LIVE
2207;2000249;Longtown English St (2207);CA6 5SD;DSP_LIVE
808;2000033;London Brixton Rd (808);SW9 8HH ;DSP_LIVE
809;2000034;Epsom Ashley Ctr (809);KT18 5DB ;DSP_LIVE
864;2000036;London Tooting (864);SW17 9PB ;DSP_LIVE
912;2000040;Edgware Broadwalk Sc (912);HA8 7BD;DSP_LIVE
928;2000041;Ashford High St (928);TN24 8TB ;DSP_LIVE
936;2000042;Tonbridge High St (936);TN9 1SG ;DSP_LIVE
960;2000043;Redhill High Street(960);RH1 1RD;DSP_LIVE
978;2000044;Gillingham Hempstead Val Sc (978);ME7 3PB;DSP_LIVE
1248;2000061;Clitheroe Castle St (1248);BB7 2BT ;DSP_LIVE
1323;2000063;Bournemouth Beauford Rd Surg(1323);BH6 5AJ;DSP_LIVE
1331;2000068;Pboro Bretton Rightwell East (1331);PE3 8DT ;DSP_LIVE
1337;2000071;Stoke On T Bentilee Hc (1337);ST2 0EU;DSP_LIVE
1359;2000074;Leicester Syston (1359);LE7 2EQ;DSP_LIVE
1361;2000075;Wimborne Quarter Jack H'Ctr(1361);BH21 1AP;DSP_LIVE
2146;2000076;Trowbridge HC Prospct Pl;BA14 8QA;DSP_LIVE
1377;2000078;Corby Lakeside Surgery (1377);NN17 2UR;DSP_LIVE
1801;2000087;Nottingham Arnold (1801);NG5 7EB;DSP_LIVE
1855;2000089;Daventry Bowen Sq (1855);NN11 4DR ;DSP_LIVE
368;2000021;Newport High St (368);TF10 7AQ ;DSP_LIVE
519;2000024;Middlesbrough Cleveland Centre(519);TS1 2JZ;DSP_LIVE
577;2000026;Chichester 10-12 North Street(577);PO19 1LB;DSP_LIVE
2001;2000090;Leighton Buzzard High St (2001);LU7 1DN;DSP_LIVE
6436;2000097;Colchester Tollgate Ctr (6436);CO3 8RG ;DSP_LIVE
6553;2000099;Chelmsford Chelmer Vil Rp (6553);CM2 6XE;DSP_LIVE
5531;2000102;Melton Mowbray Hc (5531);LE13 1NX;DSP_LIVE
64;2000103;Burton On Trent Coopers Sq (64);DE14 1DG ;DSP_LIVE
1193;2000104;Darwen Market St (1193);BB3 1AZ ;DSP_LIVE
38;2000105;Leicester Wigston Bell St (38);LE18 1AD;DSP_LIVE
503;2000106;Burnley St James St (503);BB11 1QL;DSP_LIVE
1173;2000107;Accrington Cornhill (1173);BB5 1EX;DSP_LIVE
71;2000108;Swadlincote High St (71);DE11 8JE ;DSP_LIVE
6;2000109;Nottingham Victoria Ctr (6);NG1 3QS;DSP_LIVE
17;2000110;Nottingham Clifton (17);NG11 8AA;DSP_LIVE
84;2000111;Northampton The Pde (84);NN1 2BY ;DSP_LIVE
107;2000112;Northampton Kingsthorpe (107);NN2 7SJ ;DSP_LIVE
141;2000113;Ashby De La Zouch Market St (141);LE65 1AL;DSP_LIVE
160;2000114;Rugeley Brook Sq (160);WS15 2DT ;DSP_LIVE
189;2000115;Leicester Beaumont Leys (189);LE4 1DG ;DSP_LIVE
531;2000116;Bolton The Gates Sc (531);BL1 1DF;DSP_LIVE
1115;2000117;Stockport Merseyway (1115);SK1 1PU;DSP_LIVE
1298;2000118;Birmingham High St (1298);B4 7TA;DSP_LIVE
176;2000119;Sudbury Market Hill (176);CO10 2EA ;DSP_LIVE
342;2000120;Blackwood Market Place;NP12 1AU ;DSP_LIVE
175;2000121;Saffron Walden Market Pl (175);CB10 1HR ;DSP_LIVE
1386;2000122;Skegness Churchill Ave Hc (1386);PE25 2RN;DSP_LIVE
1467;2000123;Hailsham Vicarage Field (1467);BN27 1BG;DSP_LIVE
2023;2000124;Cwmbran The Mall;NP44 1PX ;DSP_LIVE
6002;2000125;Glenrothes Lyon Sq (6002);KY7 5NR ;DSP_LIVE
6408;2000126;Prestatyn Shopping Park;LL19 9BJ;DSP_LIVE
51;2000127;Swaffham Market Pl (51);PE37 7LA;DSP_LIVE
5410;2000362;Grantham St Peters Hill (5410);NG31 6QF;DSP_LIVE
5954;2000364;Cwmbran Commercial Street;NP44 3LR;DSP_LIVE
5382;2000365;Wymondham Medical Centre (5382);NR18 0NL;DSP_LIVE
756;2000369;Hitchin High Street (756);SG5 1BH;DSP_LIVE
37;2000370;Grantham High Street (37);NG31 6NE;DSP_LIVE
258;2000372;Bromsgrove High St (258);B61 8HD;DSP_LIVE
1299;2000374;Manchester Blackley (1299);M9 0RD;DSP_LIVE
5745;2001633;SOUTHAMPTON (5745);SO16 3BD;DSP_LIVE
132;2000616;UXBRIDGE (132);UB8 1GA;DSP_LIVE
351;2000678;PLYMOUTH (351);PL7 2ZN;DSP_LIVE
801;2000812;BARKING (801);IG11 8EQ;DSP_LIVE
356;2000683;SHERBORNE (356);DT9 3BA;DSP_LIVE
5599;2001575;FAIRFORD (5599);GL7 4AB;DSP_LIVE
138;2000618;PETERBOROUGH (138);PE1 1NW;DSP_LIVE
812;2000818;WELWYN GARDEN CITY (812);AL8 6HA;DSP_LIVE
5763;2001643;READING (5763);RG6 5GA;DSP_LIVE
2381;2000252;Barrow IF Risedale Rd (2381);LA13 9RD ;DSP_LIVE
5020;2000253;Shepperton High St (5020);TW17 9AJ ;DSP_LIVE
5023;2000254;Ashford Church Rd (5023);TW15 2TS ;DSP_LIVE
5073;2000255;Woking Goldsworth Pk Ctr (5073);GU21 3LG;DSP_LIVE
5087;2000256;Upton Upon Severn High St (5087);WR8 0HB;DSP_LIVE
5259;2000259;Hamilton Mill Rd (5259);ML3 8AA ;DSP_LIVE
5279;2000260;Crickhowell Beaufort Street;NP8 1AD;DSP_LIVE
5185;2000262;Christchurch Bransgore (5185);BH23 8AB;DSP_LIVE
5195;2000263;Leicester 149 Uppingham Rd (5195);LE5 4BP ;DSP_LIVE
5250;2000265;Motherwell Windmillhill St (5250);ML1 1TA ;DSP_LIVE
5351;2000266;Harlow Bush Fair North Hs (5351);CM18 6PA;DSP_LIVE
5353;2000267;Tilbury St Chads Rd (5353);RM18 8LB;DSP_LIVE
5361;2000268;Telford Shawbirch (5361);TF5 0LW ;DSP_LIVE
5376;2000269;Birmingham Chelmsley Wd Hc (5376);B37 5BU ;DSP_LIVE
5386;2000270;Kilmarnock Grange St (5386);KA1 2DD ;DSP_LIVE
5413;2000271;Cowes Hc (5413);PO31 7ER;DSP_LIVE
5417;2000273;Formby Elbow Ln (5417);L37 4AB ;DSP_LIVE
5425;2000274;North Walsham Market Pl (5425);NR28 9BP;DSP_LIVE
5440;2000276;Danbury Eves Corner (5440);CM3 4QF;DSP_LIVE
5441;2000277;Great Baddow The Vineyards (5441);CM2 7QS;DSP_LIVE
5452;2000278;Eastbourne Princes Pk Hc (5452);BN22 7PF;DSP_LIVE
5471;2000279;Brandon High St (5471);IP27 0AQ ;DSP_LIVE
5480;2000280;Nottingham Gregory Bvd (5480);NG7 5HY;DSP_LIVE
5488;2000281;Chelmsford Hatfield (5488);CM3 2HD;DSP_LIVE
5506;2000282;Loddon High St (5506);NR14 6AH ;DSP_LIVE
5520;2000283;Hitchin Queen St (5520);SG4 9TH ;DSP_LIVE
5523;2000285;Sileby Swan St (5523);LE12 7NW;DSP_LIVE
5530;2000286;Oakham Cold Overton Rd (5530);LE15 6NT ;DSP_LIVE
5535;2000287;Stockingford Arbury Rd (5535);CV10 7NJ ;DSP_LIVE
5538;2000288;Dursley Cam (5538);GL11 5NU;DSP_LIVE
5566;2000289;Welwyn Moors Walk (5566);AL7 2BQ;DSP_LIVE
5595;2000290;Llandudno Penryhn Bay;LL30 3HA;DSP_LIVE
5611;2000291;Airdrie Southbridge (5611);ML6 6JQ;DSP_LIVE
5614;2000292;Christchurch Twynham Ave (5614);BH23 1QU ;DSP_LIVE
5631;2000294;Claygate Hare Ln (5631);KT10 0QX;DSP_LIVE
5645;2000296;Chelmsford Sunrise (5645);CM1 4JW ;DSP_LIVE
5668;2000297;Basildon Pitsea (5668);SS13 3DU;DSP_LIVE
5689;2000300;Ashton In Makerfield Bryn (5689);WN4 0AR;DSP_LIVE
5695;2000301;Norwich Aylsham Rd (5695);NR3 2HW ;DSP_LIVE
5712;2000303;East Kilbride Brouster (5712);G74 1LD;DSP_LIVE
5715;2000304;Glasg Cmbrnd Auch Dist Ctr (5715);G68 0EZ;DSP_LIVE
5741;2000305;Hampton Priory Rd (5741);TW12 2NT ;DSP_LIVE
5773;2000307;Liverpool Maghull (5773);L31 2PQ ;DSP_LIVE
5798;2000308;Woodhall Spa (5798);LN10 6ST ;DSP_LIVE
5807;2000309;Leyland Hough Ln (5807);PR25 2SA ;DSP_LIVE
5818;2000311;London Morden Hall Hc (5818);SW19 3DA;DSP_LIVE
5877;2000313;Dunoon 182 Argyll St (5877);PA23 7HA ;DSP_LIVE
5882;2000314;Sandwich Market St (5882);CT13 9DA ;DSP_LIVE
5951;2000315;Harleston Norfolk (5951);IP20 9AH ;DSP_LIVE
5961;2000317;North Cheam Malden Rd (5961);SM3 8EP ;DSP_LIVE
5962;2000318;Pevensey Bay Eastbourne Rd (5962);BN24 6ET;DSP_LIVE
5970;2000319;New Addington Central Pde (5970);CR0 0JB;DSP_LIVE
5974;2000320;Liverpool Whiston (5974);L35 3SX;DSP_LIVE
5981;2000321;Sawston High St (5981);CB22 3BG;DSP_LIVE
5986;2000322;Stansted The Greens Bd (5986);CM24 8BZ ;DSP_LIVE
6011;2000323;Hanworth Market Pde (6011);TW13 6AJ;DSP_LIVE
2162;2000324;Aberdeen Foresterhill Hc (6108);AB25 2UZ;DSP_LIVE
6111;2000325;Knighton Wylcwm Place;LD7 1AE ;DSP_LIVE
6113;2000326;Shipston On Stour Sheep St (6113);CV36 4AF ;DSP_LIVE
6132;2000327;Mold 32 High Street;CH7 1BH ;DSP_LIVE
6200;2000328;Solihull Olton (6200);B92 7QP;DSP_LIVE
6221;2000329;Great Harwood Queens St (6221);BB6 7QQ;DSP_LIVE
6258;2000330;Sawtry High St (6258);PE28 5SU;DSP_LIVE
6260;2001829;MALMESBURY (6260);SN16 0EQ;DSP_LIVE
5186;2001367;LYMINGTON (5186);SO41 9GJ;DSP_LIVE
1027;2000919;BASINGSTOKE (1027);RG22 6ER;DSP_LIVE
5189;2001369;ROCHESTER (5189);ME1 2TH;DSP_LIVE
5994;2001766;ANDOVER (5994);SP10 3JY;DSP_LIVE
23;2000353;Derby Intu Shopping Centre (23);DE1 2AH;DSP_LIVE
1834;2000356;London Kentish Town Road (1834);NW5 2AE;DSP_LIVE
215;2000357;Birmingham Harborne (215);B17 9NR;DSP_LIVE
5889;2000358;Hemel Hemp Stoneycroft (5889);HP1 2QF;DSP_LIVE
1194;2000984;NEWTON-LE-WILLOWS (1194);WA12 9AN;DSP_LIVE
564;2000751;WETHERBY (564);LS22 6FL;DSP_LIVE
1215;2000993;WIGAN (1215);WN4 9AN;DSP_LIVE
5202;2001376;PETERBOROUGH (5202);PE6 7UP;DSP_LIVE
5903;2001711;GRIMSBY (5903);DN31 1QZ;DSP_LIVE
1049;2000928;WATFORD (1049);WD24 5BQ;DSP_LIVE
149;2000620;LONDON (149);E6 2HT;DSP_LIVE
1143;2000336;Oldham Town Sq Sc (1143);OL1 1XD;DSP_LIVE
1200;2000338;Manchester Market Street (1200);M1 1PL;DSP_LIVE
199;2000350;Colchester Lion Walk (199);CO1 1LX;DSP_LIVE
1414;2001061;BANSTEAD (1414);SM7 2NL;DSP_LIVE
1537;2001123;GILLINGHAM (1537);ME8 7HW;DSP_LIVE
1060;2000931;GREENHITHE (1060);DA9 9SJ;DSP_LIVE
6077;2001779;CAMBERLEY (6077);GU16 6LD;DSP_LIVE
5486;2001514;WITHAM (5486);CM8 1NE;DSP_LIVE
595;2000759;DRIFFIELD (595);YO25 6PS;DSP_LIVE
1815;2000551;CHELMSFORD (1815);CM1 1DD;DSP_LIVE
5336;2001441;REDRUTH (5336);TR16 4SS;DSP_LIVE
5344;2001447;DERBY (5344);DE74 2ED;DSP_LIVE
1556;2001131;GATESHEAD (1556);NE10 9QG;DSP_LIVE
1565;2001132;LEEDS (1565);LS26 8SZ;DSP_LIVE
1590;2001137;MORECAMBE (1590);LA4 4UZ;DSP_LIVE
5183;2001365;LEE-ON-THE-SOLENT (5183);PO13 9DD;DSP_LIVE
5673;2001608;CANVEY ISLAND (5673);SS8 0JA;DSP_LIVE
966;2000893;HOVE (966);BN3 5TD;DSP_LIVE
6227;2001807;COLCHESTER (6227);CO3 4PG;DSP_LIVE
1917;2001201;GRANTHAM (1917);NG31 6HR;DSP_LIVE
1918;2001202;NOTTINGHAM (1918);NG6 8AQ;DSP_LIVE
411;2000699;OKEHAMPTON (411);EX20 1HB;DSP_LIVE
433;2000706;WARMINSTER (433);BA12 9AZ;DSP_LIVE
40;2000384;MARKET RASEN (0040);LN8 3EH;DSP_LIVE
45;2000385;BARNSLEY (0045);S70 1RT;DSP_LIVE
479;2000719;WOKINGHAM (479);RG40 1AT;DSP_LIVE
850;2000842;RICHMOND (850);TW9 1HF;DSP_LIVE
2353;2001285;SOUTH PETHERTON (2353);TA13 5BT;DSP_LIVE
735;2000781;LONDON (735);NW1 7JY;DSP_LIVE
862;2000846;WELLINGTON (862);TA21 8BD;DSP_LIVE
5534;2001541;LICHFIELD (5534);WS13 7FA;DSP_LIVE
5921;2001724;MABLETHORPE (5921);LN12 1AF;DSP_LIVE
931;2000876;UXBRIDGE (931);UB8 1JZ;DSP_LIVE
5927;2001729;LINCOLN (5927);LN7 6TJ;DSP_LIVE
947;2000882;FILEY (947);YO14 0JR;DSP_LIVE
5394;2001469;MAIDSTONE (5394);ME15 6SA;DSP_LIVE
6110;2001785;LYDNEY (6110);GL15 6JS;DSP_LIVE
172;2000630;DEREHAM (172);NR19 2AP;DSP_LIVE
1087;2000943;ORPINGTON (1087);BR6 0LS;DSP_LIVE
5154;2001352;BIDEFORD (5154);EX39 2AA;DSP_LIVE
5162;2001354;HIGH PEAK (5162);SK22 4BP;DSP_LIVE
196;2000638;WITHAM (196);CM8 2AR;DSP_LIVE
6128;2001798;LISS (6128);GU33 7RL;DSP_LIVE
5249;2001393;WARMINSTER (5249);BA12 9AA;DSP_LIVE
5511;2001529;PEWSEY (5511);SN9 5AQ;DSP_LIVE
6437;2001862;PRESCOT (6437);L34 5NQ;DSP_LIVE
6446;2001866;NORTHAMPTON (6446);NN5 5DG;DSP_LIVE
5180;2001364;WATERLOOVILLE (5180);PO7 6NU;DSP_LIVE
1305;2001023;HULL (1305);HU6 9BX;DSP_LIVE
1437;2001071;LONDON (1437);E11 2AE;DSP_LIVE
5637;2001594;MIDDLESBROUGH (5637);TS1 3QY;DSP_LIVE
1475;2001088;STANFORD-LE-HOPE (1475);SS17 7NA;DSP_LIVE
1152;2000524;SOUTHPORT (1152);PR8 1AH;DSP_LIVE
761;2000791;ROYSTON (761);SG8 9AG;DSP_LIVE
2020;2001232;RUNCORN (2020);WA7 2GX;DSP_LIVE
5560;2001554;BODMIN (5560);PL31 2JL;DSP_LIVE
5290;2001414;NESTON (5290);CH64 9TY;DSP_LIVE
5305;2001419;LOUTH (5305);LN11 9AA;DSP_LIVE
5311;2001421;BARROW IN FURNESS (5311);LA14 1JB;DSP_LIVE
5016;2001305;BILLINGHAM (5016);TS23 2ND;DSP_LIVE
30;2000580;NEWPORT PAGNELL (30);MK16 8PY;DSP_LIVE
5153;2001351;BARNSTAPLE (5153);EX31 3BG;DSP_LIVE
5003;2001295;FELTHAM (5003);TW13 4BH;DSP_LIVE
5814;2001673;NORWICH (5814);NR3 4LE;DSP_LIVE
242;2000652;THAME (242);OX9 2BU;DSP_LIVE
987;2000900;DOVER (987);CT16 1BH;DSP_LIVE
249;2000658;BANBURY (249);OX16 5UH;DSP_LIVE
997;2000903;EDENBRIDGE (997);TN8 5AD;DSP_LIVE
263;2000660;BARNSTAPLE (263);EX31 3NL;DSP_LIVE
5845;2001691;MIDDLESBROUGH (5845);TS8 0TJ;DSP_LIVE
5851;2001695;EXETER (5851);EX4 1HW;DSP_LIVE
1018;2000916;ANDOVER (1018);SP10 1LT;DSP_LIVE
330;2000673;OXFORD (330);OX1 3HL;DSP_LIVE
5367;2001459;SOMERTON (5367);TA11 7PR;DSP_LIVE
5411;2001477;HULL (5411);HU3 1DS;DSP_LIVE
1123;2000960;SALE (1123);M33 7XZ;DSP_LIVE
1140;2000969;BURY (1140);BL9 0QQ;DSP_LIVE
1151;2000973;RUNCORN (1151);WA7 2ST;DSP_LIVE
5952;2001745;SOUTHAMPTON (5952);SO32 1AB;DSP_LIVE
1279;2000537;WORKINGTON (1279);CA14 2AB;DSP_LIVE
5973;2001755;WEST MALLING (5973);ME19 6NA;DSP_LIVE
1374;2001041;STANLEY (1374);DH9 8AD;DSP_LIVE
1488;2000544;SALISBURY (1488);SP1 2NG;DSP_LIVE
1523;2000545;CANTERBURY (1523);CT1 2TF;DSP_LIVE
5420;2001480;CAMBERLEY (5420);GU15 2NN;DSP_LIVE
5424;2001482;HORNCASTLE (5424);LN9 6AL;DSP_LIVE
1498;2001102;HORNCHURCH (1498);RM12 4UH;DSP_LIVE
5443;2001491;BASILDON (5443);SS15 5HL;DSP_LIVE
5445;2001493;LONDON (5445);E1 0LB;DSP_LIVE
5454;2001497;SALISBURY (5454);SP3 6LD;DSP_LIVE
1199;2000988;LIVERPOOL (1199);L11 1BY;DSP_LIVE
495;2000725;BRACKLEY (495);NN13 7DP;DSP_LIVE
1678;2001170;KINGS LYNN (1678);PE30 5QX;DSP_LIVE
527;2000736;THIRSK (527);YO7 1LB;DSP_LIVE
6494;2001891;LINCOLN (6494);LN2 4WA;DSP_LIVE
5027;2001310;UXBRIDGE (5027);UB9 5ET;DSP_LIVE
1998;2002101;Newbury Retail Pk;RG14 7HU;DSP_LIVE
2129;2002102;Fazakerley Landford Ave Liverpool;L9 6BR;DSP_LIVE
2167;2002099;Boots Online Prescription Service;LE1 1DD;DSP_LIVE
6706;2002110;Galashiels Gala Water Retail Park;TD1 3AP;DSP_LIVE
5813;2002106;Norwich Magdalen Medical Practice;NR3 4LF;DSP_LIVE
5844;2002108;Dersingham Jubilee Court;PE31 6HH;DSP_LIVE
5578;2002103;Whittlesey New Queen Street;PE7 1AT;DSP_LIVE
5709;2002105;Livingston Mall;EH54 5ED;DSP_LIVE
229;2002100;Holbeach High Street;PE12 7DY;DSP_LIVE
5821;2002107;Glenrothes Cos Lane;KY7 4AQ;DSP_LIVE
6598;2002109;Elgin Springfield Retail Park;IV30 6WQ;DSP_LIVE
5643;2002104;Newbury Bartholomew Street;RG14 5EF;DSP_LIVE
6523;2001906;BOURNEMOUTH (6523);BH8 9UB;DSP_LIVE
5184;2001366;WINCHESTER (5184);SO22 6EL;DSP_LIVE
280;2002011;Swansea The Quadrant Centre;SA1 3AD;DSP_LIVE
