5687;2001615;Sheffield Asline;S2 4UJ;STORE_LIVE
465;2000143;Flint Church Street;CH6 5AE ;STORE_LIVE
154;2000622;Sheffield Broomhill;S10 3BB;STORE_LIVE
5686;2001614;Sheffield Abbeydale Road;S7 2BA;STORE_LIVE
1310;2001028;Scunthorpe North Lincolnshire SP;DN15 8TG;STORE_LIVE
5641;2000295;Llanrwst Denbigh Street;LL26 0LL;STORE_LIVE
2206;2001267;Sheffield Upwell Street;S4 8AN;STORE_LIVE
5270;2001403;Worksop Larwood Health Centre;S81 0HH;STORE_LIVE
5688;2001616;Sheffield Manor Park Centre;S2 1WE;STORE_LIVE
5917;2001721;Doncaster Askern Church Street;DN6 0PH;STORE_LIVE
4659;2002094;Londonderry Great James Street;BT48 7DF;STORE_LIVE
4648;2002085;Newtownabbey Hillview Avenue;BT36 6AE;STORE_LIVE
4626;2002067;Belfast Saintfield Road;BT8 7HN;STORE_LIVE
1588;2002048;Newtownards Regent Street;BT23 4LH;STORE_LIVE
4608;2002056;Carrickfergus Market Place;BT38 7AW;STORE_LIVE
1595;2002049;Belfast Connswater Shopping Centre;BT5 5LP;STORE_LIVE
1557;2002038;Newtownabbey Abbeycentre;BT37 9UH;STORE_LIVE
2156;2002022;Cardiff Broadcasting House;CF10 1FS;STORE_LIVE
4635;2002075;Ballyclare North End;BT39 9BN;STORE_LIVE
597;2002025;Lurgan Market Street;BT66 6AH;STORE_LIVE
1559;2002039;Dungannon Oaks Centre;BT71 4NA;STORE_LIVE
1992;2002052;Ballymena Health & Care Unit;BT43 6HB;STORE_LIVE
4630;2002070;Holywood 46 High Street;BT18 9AE;STORE_LIVE
4620;2002064;Newry John Mitchel Place;BT34 2BP;STORE_LIVE
4650;2002087;Maghera Main Street;BT46 5AA;STORE_LIVE
4649;2002086;Portadown Thomas Street;BT62 3AL;STORE_LIVE
1550;2002037;Craigavon Rushmere Shopping Centre;BT64 1AA;STORE_LIVE
4602;2002054;Ballymena Queen Street;BT42 2BB;STORE_LIVE
4627;2002068;Belfast Upper Newtownards Road;BT4 3LH;STORE_LIVE
4658;2002093;Belfast Sandy Row;BT12 5EY;STORE_LIVE
4639;2002078;Belfast Oldpark Road;BT14 6QU;STORE_LIVE
4660;2002095;Belfast Newtownards Road;BT4 1HH;STORE_LIVE
4622;2002065;Belfast Cavehill;BT15 5BU;STORE_LIVE
4644;2002082;Lisburn Knockmore;BT28 2EA;STORE_LIVE
4637;2002077;Ballykelly Shopping Well Centre;BT49 9HS;STORE_LIVE
4655;2002090;Belfast Beersbridge Road;BT5 5DY;STORE_LIVE
6573;2002098;Lisburn Sprucefield Shopping Centre;BT27 5UJ;STORE_LIVE
4634;2002074;Newtownards Stonegate;BT23 8ZE;STORE_LIVE
4647;2002084;Moira Main Street;BT67 0LQ;STORE_LIVE
1598;2002051;Ballyclare The Square;BT39 9BB;STORE_LIVE
918;2002036;Bangor Rathmoor Shopping Centre;BT19 1DL;STORE_LIVE
1585;2002047;Newry Buttercrane Shopping Centre;BT35 8HJ;STORE_LIVE
625;2002027;Newtownards Ards Shopping Centre;BT23 4EU;STORE_LIVE
4624;2002066;Belfast 77 Cregagh Road;BT6 8PY;STORE_LIVE
4656;2002091;Lurgan Moores Lane;BT66 8AA;STORE_LIVE
4657;2002092;Belfast Ravenhill;BT6 8DR;STORE_LIVE
4636;2002076;Bangor Ballyholme;BT20 5NF;STORE_LIVE
1579;2002044;Portadown West Street;BT62 3PL;STORE_LIVE
4605;2002055;Belfast 72 Holywood Road;BT4 1NT;STORE_LIVE
701;2002035;Dundonald Ballybean Square;BT16 2QP;STORE_LIVE
6438;2002097;Belfast Boucher Road;BT12 6HU;STORE_LIVE
574;2002024;Belfast Castle Court;BT1 1DD;STORE_LIVE
4617;2002062;Lisburn Sloan street;BT27 5AG;STORE_LIVE
4642;2002080;Cookstown 47 James Street;BT80 8AE;STORE_LIVE
601;2002026;Belfast Park Centre;BT12 6HN;STORE_LIVE
1575;2002042;Cookstown 5-7 James Street;BT80 8AA;STORE_LIVE
4614;2002061;Portstewart The Promenade;BT55 7AG;STORE_LIVE
653;2002030;Omagh High Street;BT78 1BA;STORE_LIVE
4601;2002053;Antrim High St;BT41 4AN;STORE_LIVE
4653;2002089;Strathfoyle Village Centre;BT47 6TJ;STORE_LIVE
291;2001966;Port Talbot Aberfan Centre;SA13 1PB;STORE_LIVE
364;2001971;Welshpool Broad Street;SY21 7SD;STORE_LIVE
464;2001974;Cardigan Prendre;SA43 1JL;STORE_LIVE
482;2001979;Ruthin Stryd Y Castell;LL15 1DP;STORE_LIVE
487;2001980;Llangefni High Street;LL77 7LT;STORE_LIVE
332;2001969;Abergavenny Cross Street;NP7 5EH;STORE_LIVE
922;2001982;Bethesda Medical Centre;LL57 3NE;STORE_LIVE
211;2001964;Newport Caerleon Road;NP19 7FW;STORE_LIVE
476;2001977;Shotton Chester Road;CH5 1BX;STORE_LIVE
1329;2001984;Bargoed Bryntirion Health Centre;CF81 8SA;STORE_LIVE
1668;2001987;Bangor 277-279 High Street;LL57 1PD;STORE_LIVE
478;2001978;Newcastle Emlyn;SA38 9AP;STORE_LIVE
5820;2001998;Cardiff St Mellons;CF3 0SH;STORE_LIVE
2013;2001988;Newport Chepstow Road;NP19 8EG;STORE_LIVE
2072;2001993;Swansea Uplands Crescent;SA2 0NP;STORE_LIVE
2037;2001990;Wrexham Eagles Meadow;LL13 8DG;STORE_LIVE
2058;2001992;Monmouth Monnow Street;NP25 3EN;STORE_LIVE
5774;2001997;Holywell High Street;CH8 7TF;STORE_LIVE
6419;2002000;Chester Broughton Shopping Park;CH4 0DP;STORE_LIVE
320;2001968;Ebbw Vale Market Street;NP23 6HL;STORE_LIVE
434;2001973;Denbigh High Street;LL16 3RY;STORE_LIVE
6572;2002006;Llanelli Parc Trostre Retail Park;SA14 9UY;STORE_LIVE
6575;2002007;Swansea Morfa Retail Park;SA1 7BP;STORE_LIVE
5640;2001995;Colwyn Bay Rhos on Sea;LL28 4PP;STORE_LIVE
6547;2002005;Llanstrisant Talbot Green Retail;CF72 8LW;STORE_LIVE
294;2001967;Swansea Morriston;SA6 8BH;STORE_LIVE
474;2001976;Ammanford Quay Street;SA18 3DB;STORE_LIVE
1652;2001986;Whitland St John Street;SA34 0AN;STORE_LIVE
2054;2001991;Builth Wells High Street;LD2 3DN;STORE_LIVE
6434;2002001;Wrexham Plas Coch Road;LL11 2BA;STORE_LIVE
6476;2002002;Newport Retail Park;NP19 4QQ;STORE_LIVE
428;2001972;Swansea Mumbles;SA3 4DN;STORE_LIVE
1385;2001985;Cardiff Canton Sanatorium Road;CF11 8DG;STORE_LIVE
5644;2001996;Plas Menai Medical Centre;LL33 0NY;STORE_LIVE
340;2001970;Porthcawl John Street;CF36 3BD;STORE_LIVE
1285;2001983;Llantwit Major Boverton Road;CF61 1XZ;STORE_LIVE
2078;2001994;Cardiff Capitol Shopping Centre;CF10 2HQ;STORE_LIVE
5959;2001999;Rhyl The Square;LL18 5AU;STORE_LIVE
6612;2002009;Llandudno Retail Park;LL30 1PX;STORE_LIVE
6528;2002003;Swansea Fforest Fach Retail Park;SA5 4BB;STORE_LIVE
6542;2002004;Cardiff Ty Glas Retail Park;CF14 5DX;STORE_LIVE
2159;2002132;Sheffield Fox Valley Way;S36 2AB;STORE_LIVE
821;2000492;WATFORD (0821);WD17 2TR;N
1641;2001151;LONDON (1641);NW11 8LN;N
913;2000499;WEYMOUTH (0913);DT4 8PJ;N
220;2000351;West Brom Sandwell Ctr (220);B70 7NG;N
5884;2001699;DUNSTABLE (5884);LU6 1TA;N
389;2000451;PENZANCE (0389);TR18 2LE;N
830;2000493;LEWISHAM (0830);SE13 5JH;N
1647;2001156;LONDON (1647);W13 0SY;N
941;2000507;MAIDSTONE (0941);ME14 1BW;N
5347;2001448;BLANDFORD FORUM (5347);DT11 7DX;N
756;2000369;Hitchin High Street (756);SG5 1BH;N
5885;2001700;NEWTON ABBOT (5885);TQ12 2AW;N
1020;2000518;GOSPORT (1020);PO12 1DU;N
1840;2000555;NORWICH (1840);NR1 3DD;N
1666;2001165;LONDON (1666);SW4 7UG;N
5373;2001461;KENILWORTH (5373);CV8 1JF;N
432;2000462;ROSS ON WYE (0432);HR9 5NX;N
5901;2001709;HULL (5901);HU9 2JX;N
1066;2000520;HASTINGS (1066);TN34 1PH;N
1667;2001166;BEVERLEY (1667);HU17 9AA;N
2070;2000559;ERDINGTON (2070);B23 6SA;N
5412;2001478;ROTHERHAM (5412);S60 4LA;N
225;2000417;WOLVERHAMPTON (0225);WV1 3EX;N
1818;2000552;BISHOPS STORTFORD (1818);CM23 3UL;N
5909;2001714;Doncaster Askern Primary Care Ctr;DN6 0HZ;N
178;2000632;MILTON KEYNES (178);MK11 1AA;N
433;2000706;WARMINSTER (433);BA12 9AZ;N
1679;2001171;NORTH SHIELDS (1679);NE29 0DZ;N
44;2000586;DURHAM (44);DH1 4SH;N
232;2000418;WALSALL (0232);WS1 1NG;N
5424;2001482;HORNCASTLE (5424);LN9 6AL;N
5911;2001715;HESSLE (5911);HU13 0AE;N
460;2000714;BRISTOL (460);BS3 4EY;N
209;2000641;COVENTRY (209);CV1 1HF;N
1812;2001175;NEWCASTLE UPON TYNE (1812);NE1 8JE;N
53;2000589;Lincoln St Marks Centre;LN5 7EY;N
251;2000423;LEAMINGTON SPA (0251);CV32 4BL;N
5445;2001493;LONDON (5445);E1 0LB;N
5923;2001725;YORK (5923);YO42 2AL;N
492;2000724;DAWLISH (492);EX7 9PS;N
1822;2001179;LOUGHTON (1822);IG10 3ST;N
210;2000642;BIRMINGHAM (210);B42 1AA;N
66;2000592;STOKE-ON-TRENT (66);ST6 3EH;N
5472;2001506;WITHERNSEA (5472);HU19 2HB;N
365;2000447;TORQUAY (0365);TQ2 5PS;N
237;2000650;STOURBRIDGE (237);DY8 1HJ;N
1824;2001181;HARLOW (1824);CM20 3AH;N
5929;2001731;HULL (5929);HU14 3PE;N
510;2000731;LEEDS (510);LS12 1UG;N
11;2000601;NOTTINGHAM (11);NG16 3NP;N
372;2000448;PLYMSTOCK (0372);PL9 7AU;N
5487;2001515;WITHAM (5487);CM8 3RQ;N
243;2000653;BRISTOL (243);BS1 3EA;N
1825;2001182;LOUGHTON (1825);IG10 1EZ;N
5937;2001736;HULL (5937);HU12 8JA;N
529;2000738;YORK (529);YO1 9NY;N
96;2000608;STAINES (96);TW18 4WB;N
391;2000452;NEWQUAY (0391);TR7 1DH;N
5494;2001519;CULLOMPTON (5494);EX15 1AH;N
1831;2001185;WICKFORD (1831);SS12 0RA;N
249;2000658;BANBURY (249);OX16 5UH;N
5967;2001751;HOVE (5967);BN3 8JG;N
541;2000743;BRIGHOUSE (541);HD6 1AF;N
5504;2001526;LEICESTER (5504);LE5 0QG;N
118;2000611;NOTTINGHAM (118);NG10 1HZ;N
405;2000458;BODMIN (0405);PL31 2HL;N
262;2000659;MILTON KEYNES (262);MK9 3AH;N
1851;2001189;HARROW (1851);HA2 8HX;N
5989;2001764;BIRKENHEAD (5989);CH41 7BX;N
170;2000629;COALVILLE (170);LE67 3XJ;N
731;2000779;LONDON (731);EC4V 6JJ;N
5513;2001530;HORSHAM (5513);RH12 5JL;N
686;2000483;GOSFORTH (0686);NE3 1JZ;N
1852;2001190;LEICESTER (1852);LE1 3PH;N
263;2000660;BARNSTAPLE (263);EX31 3NL;N
5994;2001766;ANDOVER (5994);SP10 3JY;N
749;2000787;WARE (749);SG12 9BA;N
352;2000679;WELLINGTON (352);TA21 8RA;N
5526;2001537;EMSWORTH (5526);PO10 8JG;N
547;2000744;WASHINGTON (547);NE37 2SW;N
1863;2001192;BOURNEMOUTH (1863);BH1 1LL;N
691;2000484;BLYTH (0691);NE24 1BW;N
6019;2001769;BYFLEET (6019);KT14 7QX;N
750;2000788;DUNSTABLE (750);LU5 4RH;N
554;2000746;KNARESBOROUGH (554);HG5 8AG;N
5527;2001538;BIRMINGHAM (5527);B28 8AE;N
353;2000680;DROITWICH (353);WR9 8TJ;N
1868;2001194;GATESHEAD (1868);NE9 5EX;N
713;2000487;BRAINTREE (0713);CM7 1RB;N
6061;2001776;GUILDFORD (6061);GU2 8AF;N
774;2000797;LONDON (774);NW1 5RT;N
377;2000689;CAMBORNE (377);TR14 8AA;N
564;2000751;WETHERBY (564);LS22 6FL;N
1905;2001197;SLOUGH (1905);SL1 4DX;N
5545;2001544;PLYMOUTH (5545);PL7 1AD;N
935;2000505;SEVENOAKS (0935);TN13 1XA;N
6091;2001782;YORK (6091);YO1 8BH;N
801;2000812;BARKING (801);IG11 8EQ;N
402;2000695;SWINDON (402);SN4 7AY;N
581;2000754;RIPON (581);HG4 1BN;N
1918;2001202;NOTTINGHAM (1918);NG6 8AQ;N
5551;2001548;NEWCASTLE UPON TYNE (5551);NE6 3DP;N
974;2000515;WEYBRIDGE (0974);KT13 8AX;N
6094;2001783;REDCAR (6094);TS10 3BZ;N
803;2000813;LIVERPOOL ST STATION (803);EC2M 2AB;N
827;2000829;LIVERPOOL (827);L1 1DA;N
1837;2001186;PERSHORE (1837);WR10 1BG;N
595;2000759;DRIFFIELD (595);YO25 6PS;N
5579;2001562;BROMLEY (5579);BR2 7EQ;N
1919;2001203;NOTTINGHAM (1919);NG7 3GQ;N
1024;2000519;HORSHAM (1024);RH12 1HQ;N
6130;2001799;HOOK (6130);RG27 9HB;N
815;2000821;LONDON (815);NW11 0QS;N
1903;2001196;LONDON (1903);W1C 1NB;N
596;2000760;STANLEY (596);DH9 0SY;N
5596;2001572;WIGAN (5596);WN5 8AT;N
1920;2001204;NOTTINGHAM (1920);NG7 2DW;N
166;2000626;HAVERHILL (166);CB9 8AD;N
850;2000842;RICHMOND (850);TW9 1HF;N
6131;2001800;IVYBRIDGE (6131);PL21 0AL;N
693;2000766;ASHINGTON (693);NE63 9UJ;N
1922;2001206;NOTTINGHAM (1922);NG16 2PB;N
5615;2001582;FERRYHILL (5615);DL17 8LD;N
875;2000851;LANCING (875);BN15 9AH;N
183;2000634;Stafford Market Square;ST16 2BD;N
1921;2001205;NOTTINGHAM (1921);NG5 5PA;N
5639;2001595;LEEDS (5639);LS6 2RY;N
716;2000772;LONDON (716);E11 1HQ;N
1923;2001207;NOTTINGHAM (1923);NG8 2QP;N
1601;2001138;LONDON (1601);W1U 6TJ;N
6235;2001811;HORNCHURCH (6235);RM11 3XS;N
196;2000638;WITHAM (196);CM8 2AR;N
1929;2001212;NOTTINGHAM (1929);NG14 6FP;N
1936;2001217;BISHOP AUCKLAND (1936);DL14 6RP;N
5666;2001606;LEIGH-ON-SEA (5666);SS9 1PE;N
723;2000775;LONDON (723);EC1N 2TD;N
1643;2001152;HARROW (1643);HA1 1AS;N
6236;2001812;LANCASTER (6236);LA2 9QW;N
221;2000644;COVENTRY (221);CV6 1HQ;N
1930;2001213;NOTTINGHAM (1930);NG14 5DX;N
1969;2001221;PLYMOUTH (1969);PL4 6DN;N
5694;2001621;MANCHESTER (5694);M8 5SR;N
6161;2000000;Newark Northgate(6161);NG24 1GA;N
1349;2000004;Notts Hucknall(1349);NG15 7JE;N
531;2000116;Bolton The Gates Sc (531);BL1 1DF;N
56;2000007;Sheffield High Street;S1 1QF;N
6416;2000095;Durham City Retail Park(6416);DH1 2RP;N
5417;2000273;Formby Elbow Ln (5417);L37 4AB ;N
455;2000141;Llandrindod Wells Station Crescent;LD1 5BB;N
116;2000014;Scunthorpe Ashby High Street;DN16 2SQ;N
5520;2000283;Hitchin Queen St (5520);SG4 9TH ;N
2301;2000250;Glossop Hadfield (2301);SK13 1AL;N
5566;2000289;Welwyn Moors Walk (5566);AL7 2BQ;N
146;2000018;Doncaster Market Place(146);DN1 1NJ;N
155;2000019;Oakham High Street(155);LE15 6AL;N
0021;2000002;Bingham Eaton Place(0021);NG13 8BD;N
5023;2000254;Ashford Church Rd (5023);TW15 2TS ;N
5623;2000293;Brandon Bury Rd (5623);IP27 0BU ;N
5595;2000290;Llandudno Penryhn Bay;LL30 3HA;N
489;2000023;Bristol Henleaze(489);BS9 4JT;N
1108;2000057;Manchester Piccadilly(1108);M1 1LY;N
5073;2000255;Woking Goldsworth Pk Ctr (5073);GU21 3LG;N
5631;2000294;Claygate Hare Ln (5631);KT10 0QX;N
86;2000008;Bury St Edmunds Cornhill(86);IP33 1BX;N
5715;2000304;Glasg Cmbrnd Auch Dist Ctr (5715);G68 0EZ;N
17;2000110;Nottingham Clifton (17);NG11 8AA;N
1213;2000060;Stockport Marple(1213);SK6 7AA;N
5093;2000257;Stoke On Trent Longton;ST3 4DF;N
5708;2000302;Larkhall 71-77 Union St (5708);ML9 1DZ ;N
97;2000011;Great Yarmouth Market Gate SC(97);NR30 2AX;N
5748;2000306;Droylesdon Market St (5748);M43 6DE;N
175;2000121;Saffron Walden Market Pl (175);CB10 1HR ;N
1323;2000063;Bournemouth Beauford Rd Surg(1323);BH6 5AJ;N
5951;2000315;Harleston Norfolk (5951);IP20 9AH ;N
5712;2000303;East Kilbride Brouster (5712);G74 1LD;N
110;2000013;Stamford High Street(110);PE9 2AW;N
5807;2000309;Leyland Hough Ln (5807);PR25 2SA ;N
51;2000127;Swaffham Market Pl (51);PE37 7LA;N
1173;2000107;Accrington Cornhill (1173);BB5 1EX;N
6200;2000328;Solihull Olton (6200);B92 7QP;N
5327;2001433;HELSTON (5327);TR13 9HJ;N
124;2000016;Cleethorpes St Peters Avenue(124);DN35 8HF;N
5818;2000311;London Morden Hall Hc (5818);SW19 3DA;N
107;2000112;Northampton Kingsthorpe (107);NN2 7SJ ;N
162;2000130;Stone High St (162);ST15 8AW ;N
5889;2000358;Hemel Hemp Stoneycroft (5889);HP1 2QF;N
5868;2000312;Castle Douglas Hc (5868);DG7 3EE;N
5328;2001434;PADSTOW (5328);PL28 8AL;N
128;2000017;Alfreton High Street(128);DE55 7BL;N
130;2000129;Louth Mercer Row (130);LN11 9JQ ;N
366;2000136;Newtown High Street;SY16 2NU ;N
5034;2000373;Spalding Hall Place (5034);PE11 1SA;N
5960;2000316;London Plumstead (5960);WN3 6JA;N
5359;2001455;Shrewsbury Mytton;SY3 8UG;N
38;2000105;Leicester Wigston Bell St (38);LE18 1AD;N
451;2000140;Chepstow High Street;NP16 5LQ ;N
1146;2000161;Heywood Market St (1146);OL10 1HX ;N
505;2000470;WAKEFIELD (0505);WF1 1UP;N
5372;2001460;KENILWORTH (5372);CV8 1JP;N
5962;2000318;Pevensey Bay Eastbourne Rd (5962);BN24 6ET;N
71;2000108;Swadlincote High St (71);DE11 8JE ;N
1038;2000155;Slough High St (1038);SL1 1JR ;N
1322;2000171;Thatcham Hc (1322);RG18 3HD;N
524;2000473;KEIGHLEY (0524);BD21 3PY;N
5392;2001467;HYDE (5392);SK14 3EH;N
5970;2000319;New Addington Central Pde (5970);CR0 0JB;N
5480;2000280;Nottingham Gregory Bvd (5480);NG7 5HY;N
6;2000109;Nottingham Victoria Ctr (6);NG1 3QS;N
1356;2000215;Romford Market Pl (1356);RM1 3AB ;N
5063;2000562;NORTH SHIELDS (5063);NE29 0SZ;N
5981;2000321;Sawston High St (5981);CB22 3BG;N
5393;2001468;ROBERTSBRIDGE (5393);TN32 5AE;N
1671;2000233;IOW Ryde Tower Hse (1671);PO33 1LP;N
275;2000352;Oswestry Church St (275);SY11 2SU;N
84;2000111;Northampton The Pde (84);NN1 2BY ;N
5072;2000563;HALIFAX (5072);HX1 1PB;N
2162;2000324;Aberdeen Foresterhill Hc (6108);AB25 2UZ;N
5400;2001473;COVENTRY (5400);CV5 6EJ;N
215;2000357;Birmingham Harborne (215);B17 9NR;N
141;2000113;Ashby De La Zouch Market St (141);LE65 1AL;N
1283;2000237;Waltham Cross Goffs Oak (1283);EN7 5ET;N
454;2000713;BRISTOL (454);BS1 4UR;N
5401;2001474;BIRMINGHAM (5401);B29 5PT;N
6111;2000325;Knighton Wylcwm Place;LD7 1AE ;N
81;2000395;WELLINGBOROUGH (0081);NN8 1EZ;N
74;2000128;Hinckley Britannia Ctr (74);LE10 1RU;N
1429;2000245;Nuneaton Camp Hill (1429);CV10 9FB;N
484;2000721;WOLVERHAMPTON (484);WV11 1BH;N
5420;2001480;CAMBERLEY (5420);GU15 2NN;N
6132;2000327;Mold 32 High Street;CH7 1BH ;N
95;2000398;WEST BRIDGFORD (0095);NG2 5GR;N
380;2000137;Rhyl High Street;LL18 1EN ;N
1591;2000246;St Osyth Clacton Rd (1591);CO16 8PA;N
495;2000725;BRACKLEY (495);NN13 7DP;N
5428;2001484;TAUNTON (5428);TA1 1NW;N
6258;2000330;Sawtry High St (6258);PE28 5SU;N
468;2000144;Tonypandy Dunraven Street;CF40 1AS;N
123;2000401;BECCLES (0123);NR34 9HQ;N
1541;2000342;Wallington Sq (1541);SM6 8RG;N
525;2000735;LEEDS (525);LS27 9BG;N
5429;2001485;TAUNTON (5429);TA2 8QY;N
5501;2001525;POOLE (5501);BH15 4JQ;N
401;2000457;TAVISTOCK (0401);PL19 0BA;N
216;2000415;MOSELEY (0216);B13 8DD;N
533;2000740;LEEDS (533);LS26 0AP;N
23;2000353;Derby Intu Shopping Centre (23);DE1 2AH;N
165;2000191;Biggleswade Market Sq (165);SG18 8AS ;N
5439;2001489;COLCHESTER (5439);CO5 0HF;N
179;2000411;Downham Market Wales Court;PE38 9JZ;N
5540;2001543;Wisbech Kirkgate Street;PE13 3QR;N
239;2000420;STRATFORD ON AVON (0239);CV37 6AB;N
10;2000376;NOTTINGHAM (0010);NG1 7LB;N
108;2000360;Brigg Wrawby St (108);DN20 8JH;N
556;2000747;ILKLEY (556);LS29 8AG;N
5444;2001492;WICKFORD (5444);SS12 9NR;N
252;2000424;EVESHAM (0252);WR11 4SQ;N
5550;2001547;ST AUSTELL (5550);PL25 4QF;N
36;2000383;GAINSBOROUGH (0036);DN21 2BY;N
2053;2001245;BRIERLEY HILL (2053);DY5 1QT;N
37;2000370;Grantham High Street (37);NG31 6NE;N
5451;2001496;STOCKTON (5451);TS28 5PZ;N
264;2000430;SWINDON (0264);SN1 1LF;N
73;2000391;STOWMARKET (0073);IP14 1AH;N
12;2000377;MANSFIELD (0012);NG18 1SU;N
5564;2001557;FRESHWATER (5564);PO40 9DS;N
2082;2001251;SKIPTON (2082);BD23 5LS;N
5460;2001500;LEEDS (5460);LS15 0LF;N
20;2000379;LOUGHBOROUGH (0020);LE11 3EQ;N
2203;2001264;SMETHWICK (2203);B67 5BS;N
129;2000402;SLEAFORD (0129);NG34 7SY;N
276;2000435;HEREFORD (0276);HR4 9AA;N
5565;2001558;SIDMOUTH (5565);EX10 9UU;N
5462;2001501;BRADFORD (5462);BD8 7SW;N
2205;2001266;MIDDLESBROUGH (2205);TS3 0NA;N
28;2000380;WORKSOP (0028);S80 1JQ;N
147;2000406;HALSTEAD (0147);CO9 2JD;N
916;2000501;WINCHESTER (0916);SO23 9BL;N
5587;2001567;COTTINGHAM (5587);HU16 5QE;N
5477;2001509;BIDEFORD (5477);EX39 1AZ;N
2250;2001275;ALNWICK (2250);NE66 1HX;N
40;2000384;MARKET RASEN (0040);LN8 3EH;N
394;2000453;CIRENCESTER (0394);GL7 1HY;N
944;2000509;SOUTHEND ON SEA (0944);SS1 1DE;N
5602;2001578;SOUTHPORT (5602);PR9 9SD;N
5478;2001510;CATERHAM (5478);CR3 6JU;N
2307;2001279;LOWESTOFT (2307);NR32 3AZ;N
395;2000454;SIDMOUTH (0395);EX10 8AQ;N
45;2000385;BARNSLEY (0045);S70 1RT;N
975;2000516;WOKING (0975);GU21 6YA;N
5629;2001590;CANTERBURY (5629);CT3 3BB;N
5486;2001514;WITHAM (5486);CM8 1NE;N
2356;2001286;BRACKNELL (2356);RG12 9LP;N
420;2000460;KEYNSHAM (0420);BS31 1DX;N
54;2000387;FAKENHAM (0054);NR21 9BG;N
5650;2001597;RUNCORN (5650);WA7 1AP;N
5491;2001518;COLCHESTER (5491);CO7 9HA;N
2366;2001288;CRANLEIGH (2366);GU6 8AT;N
427;2000461;BUDE (0427);EX23 8JL;N
55;2000388;CHESTERFIELD (0055);S40 1PB;N
72;2000594;BRENTWOOD (72);CM14 4RH;N
5659;2001601;KINGS LANGLEY (5659);WD4 9HT;N
5511;2001529;PEWSEY (5511);SN9 5AQ;N
456;2000466;WALLINGFORD (0456);OX10 0EG;N
5011;2001300;NEWCASTLE UPON TYNE (5011);NE12 7AR;N
80;2000597;KETTERING (80);NN16 8JL;N
59;2000389;DONCASTER (0059);DN1 1QB;N
5681;2001611;BLACKBURN (5681);BB2 3TJ;N
1182;2000529;ROCHDALE (1182);OL16 1EA;N
5519;2001534;BRISTOL (5519);BS5 9QY;N
5012;2001301;HAMPTON (5012);TW12 3YH;N
106;2000609;MANCHESTER (106);M90 4AF;N
75;2000392;MARKET HARBOROUGH (0075);LE16 7DR;N
1810;2000550;NUNEATON (1810);CV11 4EA;N
5532;2001539;LYMINGTON (5532);SO41 0QD;N
5014;2001303;FELTHAM (5014);TW13 6SA;N
122;2000613;DERBY (122);DE24 9AA;N
5742;2001632;EASTLEIGH (5742);SO50 9FF;N
5533;2001540;HERNE BAY (5533);CT6 5NE;N
42;2000585;Oundle Market Place;PE8 4BQ;N
5035;2001314;HAYES (5035);UB4 9AX;N
138;2000618;PETERBOROUGH (138);PE1 1NW;N
5049;2001319;FULHAM BROADWAY (5049);SW6 1BW;N
57;2000590;Sheffield Hillsborough Centre;S6 4HL;N
83;2000396;BEDFORD (0083);MK40 1TN;N
5755;2001640;GLOUCESTER (5755);GL1 4HR;N
5556;2001551;TORPOINT (5556);PL11 2AD;N
161;2000624;HARWICH (161);CO12 3AJ;N
22;2000604;DERBY (22);DE1 1ES;N
5765;2001645;WIRRAL (5765);CH49 3NQ;N
5051;2001321;LOWESTOFT (5051);NR33 7HT;N
5558;2001552;ST. COLUMB (5558);TR9 6AP;N
85;2000397;CAMBRIDGE (0085);CB2 3ND;N
181;2000633;LICHFIELD (181);WS13 6JJ;N
87;2000605;LEICESTER (87);LE4 4ND;N
5052;2001322;LOWESTOFT (5052);NR32 1UD;N
5779;2001654;HULL (5779);HU10 6UA;N
5568;2001559;WELWYN GARDEN CITY (5568);AL7 3XW;N
101;2000399;GRIMSBY (0101);DN31 1EL;N
223;2000645;MANCHESTER (223);M22 5RN;N
167;2000627;ST. IVES (167);PE27 5AH;N
5784;2001658;BRADFORD (5784);BD5 0SG;N
5058;2001324;GUILDFORD (5058);GU4 7EW;N
5574;2001561;ASCOT (5574);SL5 7HG;N
109;2000400;SKEGNESS (0109);PE25 3NG;N
5805;2001668;KINGS LANGLEY (5805);WD4 8BH;N
409;2000698;ST. IVES (409);TR26 1RS;N
245;2000655;BRISTOL (245);BS7 8AD;N
5060;2001326;LONDON (5060);EC4A 2BE;N
5585;2001566;CAMBRIDGE (5585);CB1 7DA;N
144;2000405;SHEFFIELD (0144);S1 4PA;N
1096;2000947;CASTLEFORD (1096);WF10 1AD;N
5074;2001331;LIGHTWATER (5074);GU18 5SA;N
5822;2001675;WHITLEY BAY (5822);NE26 1LT;N
246;2000656;BRISTOL (246);BS11 0DX;N
1660;2001162;SUTTON COLDFIELD (1660);B73 5TJ;N
6241;2001817;NEWCASTLE UPON TYNE (6241);NE20 9PW;N
5597;2001573;MIRFIELD (5597);WF14 8DU;N
148;2000407;MALVERN (0148);WR14 2AA;N
244;2000654;HONITON (244);EX14 1HR;N
1932;2001215;DERBY (1932);DE3 9GH;N
1110;2000954;CHORLEY (1110);PR7 1DE;N
5075;2001332;WOKING (5075);GU23 7BP;N
316;2000670;WILLENHALL (316);WV13 1TQ;N
5736;2001627;NORTHOLT (5736);UB5 4AP;N
2009;2001226;CANTERBURY (2009);CT3 2EW;N
1805;2001172;DERBY (1805);DE24 0JG;N
6243;2001819;PRUDHOE (6243);NE42 5DD;N
775;2000798;LONDON (775);SW1E 5JH;N
5830;2001680;HOUGHTON LE SPRING (5830);DH4 4RB;N
5599;2001575;FAIRFORD (5599);GL7 4AB;N
282;2000664;HENLEY-ON-THAMES (282);RG9 2BA;N
1951;2001219;YORK (1951);YO42 2BS;N
1132;2000964;OXFORD ST (1132);W1D 2JY;N
5097;2001337;SEVENOAKS (5097);TN13 1DH;N
2010;2001227;MARLOW (2010);SL7 3HH;N
6249;2001824;CORBRIDGE (6249);NE45 5AD;N
1820;2001178;ILFORD (1820);IG6 2AD;N
356;2000683;SHERBORNE (356);DT9 3BA;N
5750;2001635;TODMORDEN (5750);OL14 5RN;N
177;2000410;March Broad Street;PE15 8TP;N
1971;2001686;Gateshead Dunston Ravensworth Rd;NE11 9FJ;N
325;2000672;BIRMINGHAM (325);B27 6BH;N
780;2000802;BIRMINGHAM (780);B25 8RE;N
5601;2001577;RUGELEY (5601);WS15 4AA;N
1976;2001222;Jersey Les Quennevais Parade;JE3 8FX;N
388;2000692;KINGSBRIDGE (388);TQ7 1DX;N
5137;2001340;BRADFORD (5137);BD7 2RD;N
1000;2000905;LONDON (1000);W1B 5RA;N
6305;2001834;WATERLOOVILLE (6305);PO7 7HS;N
680;2000028;Newcastle Eldon Square(680);NE1 7XE;N
783;2000032;London Belsize Park;NW3 4QG;N
2165;2000006;Nottingham Cripps Health Centre;NG7 2QW;N
368;2000021;Newport High St (368);TF10 7AQ ;N
458;2000142;Aberaeron Bridge Street;SA46 0AP ;N
6610;2000001;Netherfield Victoria(6610);NG4 2PE;N
1106;2000056;Southwell King Street(1106);NG25 0EH;N
707;2000146;London 361 Oxford St Sedley Place;W1C 2JL ;N
390;2000022;Plymouth Drakes Circus(390);PL1 1EA;N
744;2000030;Heathrow Airport T5 Landside(744);TW6 2RQ;N
573;2000025;Washington The Galleries(573);NE38 7RT;N
996;2000049;Jersey St Helier Queen Street;JE2 4WD;N
936;2000042;Tonbridge High St (936);TN9 1SG ;N
6002;2000125;Glenrothes Lyon Sq (6002);KY7 5NR ;N
728;2000147;London Poplar (728);E14 6BT ;N
986;2000046;Margate High Street(986);CT9 1JN;N
829;2000035;London Sydenham(829);SE26 5EX;N
1445;2000082;Portsmouth Cosham(1445);PO6 3AG;N
1028;2000051;Birmingham Brindley Place(1028);B1 2JB;N
6408;2000126;Prestatyn Shopping Park;LL19 9BJ;N
1192;2000059;Bacup St James Square(1192);OL13 9NH;N
630;2000174;Greenock Hamilton Way (630);PA15 1RQ ;N
1331;2000068;Pboro Bretton Rightwell East (1331);PE3 8DT ;N
879;2000038;Coulsdon Brighton Rd (879);CR5 2ND ;N
1048;2000055;Hatfield Town Ctr (1048);AL10 0JT ;N
6050;2000222;Kelso The Sq (6050);TD5 7HH ;N
1568;2000085;Gatwick Apt South Term Arr(1568);RH6 0NN;N
798;2000205;Barnet High St (798);EN5 5XP ;N
1526;2000084;Jersey St Helier King Street;JE2 4WE;N
64;2000103;Burton On Trent Coopers Sq (64);DE14 1DG ;N
1042;2000053;Cobham High Street(1042);KT11 3EB;N
6052;2000223;Glasgow Braehead Ctr (6052);G51 4BP;N
6509;2000229;Whetstone 1261-1275 High Rd (6509);N20 9HS ;N
1193;2000104;Darwen Market St (1193);BB3 1AZ ;N
5009;2000092;Newton Aycliffe 57 Beveridge(5009);DL5 4DU;N
1467;2000123;Hailsham Vicarage Field (1467);BN27 1BG;N
285;2000132;Aberdare Commercial Street;CF44 7RW;N
1115;2000117;Stockport Merseyway (1115);SK1 1PU;N
5741;2000305;Hampton Priory Rd (5741);TW12 2NT ;N
5535;2000287;Stockingford Arbury Rd (5535);CV10 7NJ ;N
1076;2000157;South Ockendon Derwent Pde (1076);RM15 5EF;N
5086;2000093;Cramlington Manor Walks SC(5086);NE23 6QE;N
349;2000135;Buckingham Market Hill (349);MK18 1JX ;N
858;2000208;Sutton High St (858);SM1 1JG ;N
5882;2000314;Sandwich Market St (5882);CT13 9DA ;N
763;2000148;Stevenage Queensway (763);SG1 1DN;N
1113;2000159;Formby Chapel Ln (1113);L37 4DL;N
199;2000350;Colchester Lion Walk (199);CO1 1LX;N
421;2000138;Mold 19-21 High Street;CH7 1AZ ;N
620;2000173;Hamilton Regent Way (620);ML3 7DZ ;N
6011;2000323;Hanworth Market Pde (6011);TW13 6AJ;N
5695;2000301;Norwich Aylsham Rd (5695);NR3 2HW ;N
1150;2000163;Liverpool Clayton Sq Sc (1150);L1 1QR;N
650;2000196;Edinburgh 101-103 Princes St (650);EH2 3AA ;N
752;2000367;London Hammersmith King St (752);W6 9HW;N
772;2000332;London Ealing 35Broadway (772);W5 5JY;N
622;2000194;Motherwell Brandon Pde South (622);ML1 1RE;N
1001;2000156;Isle of Wight Ryde High St (1001);PO33 2HW;N
5773;2000307;Liverpool Maghull (5773);L31 2PQ ;N
1206;2000234;Manchester Middleton Hc (1206);M24 4DZ;N
5307;2000206;Motherwell Newarthill (5307);ML1 5JU ;N
258;2000372;Bromsgrove High St (258);B61 8HD;N
567;2000480;HARTLEPOOL (0567);TS24 7RW;N
746;2000202;London Brent Cross Sc (746);NW4 3FB;N
5961;2000317;North Cheam Malden Rd (5961);SM3 8EP ;N
217;2000192;Birmingham Chelmsley Wood (217);B37 5TL;N
1021;2000334;Welling High St (1021);DA16 1TY;N
1452;2000216;New Milton Station Rd (1452);BH25 6HY;N
29;2000381;BOSTON (0029);PE21 6EH;N
6540;2000571;TEAM VALLEY GATESHEAD (6540);NE11 0BD;N
781;2000204;London Swiss Cottage (781);NW3 6JP;N
784;2000490;HARROW (0784);HA1 1HS;N
1417;2000244;Llandysul Lincoln Street;SA44 4BJ ;N
1101;2000335;Cheadle High Street Staffordshire;ST10 1AR;N
2014;2000220;Bicester Sheep St (2014);OX26 6JJ ;N
62;2000390;BOURNE (0062);PE10 9NB;N
846;2000207;Bexleyheath Broadway Sc (846);DA6 7JJ;N
1107;2000953;MANCHESTER (1107);M28 3ZD;N
490;2000722;KENILWORTH (490);CV8 1JB;N
1161;2000527;BIRKENHEAD (1161);CH41 2PH;N
2110;2000221;Milford Haven Havens Head;SA73 3AU;N
200;2000414;COVENTRY (0200);CV1 1DS;N
892;2000209;London Eltham (892);SE9 1BW;N
5559;2001553;TORPOINT (5559);PL11 2LG;N
500;2000727;LEEDS (500);LS1 5EY;N
361;2000331;Oxford Cowley Rd (361);OX4 1UT;N
1185;2000337;Preston Fishergate (1185);PR1 3NN;N
5560;2001554;BODMIN (5560);PL31 2JL;N
259;2000427;WORCESTER (0259);WR1 2EU;N
5067;2000225;London Walthamstow Selbn Wk (5067);E17 7JR ;N
6447;2000566;LEICESTER (6447);LE4 8GP;N
507;2000729;PONTEFRACT (507);WF8 1AL;N
957;2000333;Lewes Eastgate St (957);BN7 2LP;N
309;2000438;TIVERTON (0309);EX16 6LN;N
5580;2001563;CHESTER (5580);CH2 3BD;N
795;2000491;ST ALBANS (0795);AL1 3DH;N
5020;2000253;Shepperton High St (5020);TW17 9AJ ;N
6538;2000570;CRAYFORD (6538);DA1 4LD;N
527;2000736;THIRSK (527);YO7 1LB;N
1357;2000340;Bristol Fishponds Hc (1357);BS16 3TD;N
5279;2000260;Crickhowell Beaufort Street;NP8 1AD;N
914;2000500;DORCHESTER (0914);DT1 1BQ;N
5588;2001568;WARRINGTON (5588);WA4 6SG;N
399;2000456;CHIPPENHAM (0399);SN15 3ER;N
528;2000737;BRISTOL (528);BS13 0BE;N
1009;2000909;EASTBOURNE (1009);BN23 7RT;N
235;2000419;DUDLEY (0235);DY1 1PJ;N
5224;2000264;Great Shelford Woolards Ln (5224);CB22 5LZ;N
439;2000464;MINEHEAD (0439);TA24 5UG;N
5604;2001579;PLYMOUTH (5604);PL3 5HE;N
534;2000741;PUDSEY (534);LS28 7LD;N
919;2000503;RINGWOOD (0919);BH24 1HB;N
1010;2000910;LONDON (1010);SW20 8ND;N
240;2000421;MAIDENHEAD (0240);SL6 1PY;N
5376;2000269;Birmingham Chelmsley Wd Hc (5376);B37 5BU ;N
5624;2001586;NORTHOLT (5624);UB5 4RR;N
540;2000742;SOUTH SHIELDS (540);NE33 1DH;N
942;2000508;FOLKESTONE (0942);CT20 1DP;N
945;2000510;DARTFORD (0945);DA1 1DE;N
1027;2000919;BASINGSTOKE (1027);RG22 6ER;N
461;2000467;WINSFORD (0461);CW7 1BA;N
5625;2001587;FOWEY (5625);PL23 1AQ;N
248;2000422;AYLESBURY (0248);HP20 1ST;N
30;2000580;NEWPORT PAGNELL (30);MK16 8PY;N
559;2000749;GUISBOROUGH (559);TS14 6BA;N
972;2000514;WORTHING (0972);BN11 3HE;N
1040;2000925;BERKHAMSTED (1040);HP4 3AP;N
506;2000471;DEWSBURY (0506);WF13 1NH;N
5653;2001598;TAUNTON (5653);TA1 1JP;N
41;2000584;Sheffield West Street;S1 4EU;N
260;2000428;CHELTENHAM (0260);GL50 1DB;N
576;2000753;HULL (576);HU5 2ES;N
1152;2000524;SOUTHPORT (1152);PR8 1AH;N
48;2000588;THETFORD (48);IP24 2AN;N
548;2000474;DARLINGTON (0548);DL1 1TT;N
1075;2000936;PINNER (1075);HA5 3HR;N
5667;2001607;BENFLEET (5667);SS7 2RF;N
261;2000429;STROUD (0261);GL5 1AS;N
679;2000763;WALLSEND (679);NE28 8JR;N
571;2000752;HULL (571);HU9 2HX;N
9;2000599;NOTTINGHAM (9);NG3 5QS;N
5682;2001612;BLACKBURN (5682);BB2 4HY;N
1082;2000940;CHELMSFORD (1082);CM2 6FD;N
1488;2000544;SALISBURY (1488);SP1 2NG;N
268;2000431;WESTON SUPER MARE (0268);BS23 1JA;N
748;2000786;LETCHWORTH GARDEN CITY (748);SG6 3EJ;N
698;2000768;MORPETH (698);NE61 1PE;N
16;2000602;NOTTINGHAM (16);NG15 7AX;N
2079;2000560;READING (2079);RG1 2AE;N
5738;2001629;LONDON (5738);SW15 5QJ;N
1087;2000943;ORPINGTON (1087);BR6 0LS;N
272;2000432;CHESTER (0272);CH1 1NA;N
800;2000811;ORPINGTON (800);BR5 1DQ;N
700;2000769;LONDON (700);E14 5NY;N
93;2000607;NORWICH (93);NR3 1DY;N
5739;2001630;SOUTHAMPTON (5739);SO18 6TG;N
1097;2000948;POTTERS BAR (1097);EN6 1AF;N
5025;2001308;SHIPLEY (5025);BD18 3QJ;N
703;2000770;LONDON (703);WC1N 1AE;N
300;2000436;TELFORD (0300);TF3 4AU;N
113;2000610;Sutton In Ashfield The Idlewells;NG17 1BN;N
5751;2001636;SALFORD (5751);M6 5PW;N
473;2000717;BRISTOL (473);BS15 8LP;N
5026;2001309;JARROW (5026);NE32 3LN;N
1103;2000951;London Bishopsgate;EC2M 4NR;N
706;2000771;LONDON (706);WC2E 8BH;N
317;2000442;TRURO (0317);TR1 2BD;N
135;2000617;ASHBOURNE (135);DE6 1GH;N
5757;2001641;NEWCASTLE UPON TYNE (5757);NE5 2LH;N
1104;2000952;KIDDERMINSTER (1104);DY10 1AA;N
496;2000726;BIRMINGHAM (496);B36 9AD;N
5045;2001318;NEWCASTLE UPON TYNE (5045);NE1 7DQ;N
721;2000774;LONDON (721);SW1A 2JR;N
335;2000445;SOLIHULL (0335);B91 3AZ;N
1116;2000956;GLOSSOP (1116);SK13 8AL;N
5776;2001651;BROUGH (5776);HU15 2UJ;N
35;2000583;BIRMINGHAM (35);B5 4BE;N
683;2000764;NEWCASTLE UPON TYNE (683);NE2 2SX;N
5057;2001323;Goole Wesley Square;DN14 5EZ;N
174;2000631;GREAT YARMOUTH (174);NR31 6QX;N
725;2000776;London Fulham North End Road;SW6 1NF;N
362;2000446;LEOMINSTER (0362);HR6 8LR;N
5795;2001665;NOTTINGHAM (5795);NG15 7AW;N
1125;2000962;MANCHESTER (1125);M1 2BN;N
5062;2001327;London 8-10 Camden High Street;NW1 0JH;N
1475;2001088;STANFORD-LE-HOPE (1475);SS17 7NA;N
190;2000636;CANARY WHARF (190);E14 5AX;N
730;2000778;GLOUCESTER ROAD (730);SW7 4SF;N
910;2000498;SOUTHAMPTON (0910);SO14 7DX;N
1133;2000965;LYTHAM ST. ANNES (1133);FY8 1SB;N
5135;2001339;BRADFORD (5135);BD7 2JN;N
5823;2001676;IPSWICH (5823);IP3 9EX;N
1487;2001097;FAVERSHAM (1487);ME13 8NU;N
233;2000647;SUTTON COLDFIELD (233);B72 1PD;N
734;2000780;London Houndsditch;EC3A 7BE;N
5142;2001345;YORK (5142);YO32 2HX;N
926;2000504;ROMFORD (0926);RM1 3RL;N
5841;2001688;THORNABY ON TEES (5841);TS17 9EP;N
1139;2000968;MANCHESTER (1139);M26 1NN;N
238;2000651;BEDWORTH (238);CV12 8LP;N
1508;2001106;LONDON (1508);SW14 7NX;N
767;2000793;LONDON (767);W2 2HR;N
5879;2001697;CRAWLEY (5879);RH10 7RA;N
5170;2001360;BIRKENHEAD (5170);CH42 8PE;N
938;2000506;TUNBRIDGE WELLS (0938);TN1 2TE;N
1177;2000980;LONDON (1177);W1D 1LL;N
1516;2001111;LONDON (1516);NW9 9ED;N
76;2000393;SCUNTHORPE (0076);DN15 6SB;N
768;2000794;ENFIELD (768);EN2 6SN;N
267;2000661;FROME (267);BA11 1AB;N
5902;2001710;HULL (5902);HU3 1TY;N
5184;2001366;WINCHESTER (5184);SO22 6EL;N
970;2000513;BRIGHTON (0970);BN1 2BE;N
1532;2001118;LONDON (1532);W1T 7PP;N
779;2000801;LONDON (779);N1 9LH;N
305;2000667;YEOVIL (305);BA20 1LS;N
5903;2001711;GRIMSBY (5903);DN31 1QZ;N
5211;2001380;ST. AGNES (5211);TR5 0TH;N
1415;2000538;PETERSFIELD (1415);GU32 3JE;N
797;2000810;LONDON (797);WC2N 5HS;N
1533;2001119;London Cannon Street;EC4N 6AE;N
315;2000669;BRIDGWATER (315);TA6 3NG;N
1221;2000997;WILMSLOW (1221);SK9 1DY;N
5924;2001726;FILEY (5924);YO14 9DG;N
5246;2001391;BATH (5246);BA2 1LN;N
191;2000637;LEICESTER (191);LE1 1DD;N
814;2000820;EASTLEIGH (814);SO50 5SG;N
336;2000674;BRISTOL (336);BS8 2RP;N
1551;2001128;LEEDS (1551);LS9 0EW;N
1234;2001000;LIVERPOOL (1234);L2 7LA;N
5930;2001732;BRIDLINGTON (5930);YO15 2AB;N
5265;2001399;PRENTON (5265);CH43 0TX;N
203;2000640;KINGSWINFORD (203);DY6 9JR;N
817;2000822;FARNBOROUGH (817);GU14 6YA;N
350;2000677;BRISTOL (350);BS48 1RQ;N
5983;2001761;HEBDEN BRIDGE (5983);HX7 8EL;N
1607;2001140;LONDON (1607);SW5 9AD;N
5266;2001400;LIVERPOOL (5266);L6 6AE;N
6244;2001820;RYTON (6244);NE40 3HQ;N
826;2000828;SIDCUP (826);DA14 6EH;N
218;2000643;BIRMINGHAM (218);B14 7DG;N
351;2000678;PLYMOUTH (351);PL7 2ZN;N
6047;2001774;PINNER (6047);HA5 1QH;N
5274;2001405;BRIGHTON (5274);BN2 1NF;N
6260;2001829;MALMESBURY (6260);SN16 0EQ;N
831;2000831;LONDON (831);SE15 5BS;N
1608;2001141;LONDON (1608);EC3M 6BL;N
373;2000688;SUTTON COLDFIELD (373);B72 1YH;N
227;2000646;SMETHWICK (227);B66 4BW;N
6069;2001778;GUILDFORD (6069);GU1 1LL;N
745;2000784;LONDON (745);W6 9YD;N
5275;2001406;RUISLIP (5275);HA4 8JB;N
843;2000839;LEDBURY (843);HR8 1DS;N
168;2000020;Newcastle Under Lyme High St(168);ST5 1QL;N
1346;2000072;Milton Keynes Medical Centre(1346);MK13 8RN;N
1044;2000054;Jersey St Peters;JE3 7AZ;N
1248;2000061;Clitheroe Castle St (1248);BB7 2BT ;N
881;2000039;Morden London Road(881);SM4 5BE;N
1361;2000075;Wimborne Quarter Jack H'Ctr(1361);BH21 1AP;N
1187;2000058;Rawtenstall Bank Street(1187);BB4 6QS;N
1290;2000062;Bolton Wigan Road(1290);BL3 5QU;N
978;2000044;Gillingham Hempstead Val Sc (978);ME7 3PB;N
1390;2000080;Shepton Mallett Park Med Pr(1390);BA4 5RT;N
1377;2000078;Corby Lakeside Surgery (1377);NN17 2UR;N
6511;2000098;Leeds Crown Point Shopping (6511);LS10 1ET;N
1324;2000064;Thornaby On Tees H/C(1324);TS17 0EE;N
1827;2000088;Maldon High Street(1827);CM9 5PN;N
6596;2000100;Stafford Queens Retail Park;ST17 4SU;N
6553;2000099;Chelmsford Chelmer Vil Rp (6553);CM2 6XE;N
342;2000120;Blackwood Market Place;NP12 1AU ;N
2023;2000124;Cwmbran The Mall;NP44 1PX ;N
1325;2000065;Guisborough Rectory Ln M/C(1325);TS14 7DJ;N
1112;2000158;Manchester Longsight (1112);M13 0RQ ;N
1236;2000167;Liverpool Crosby (1236);L23 5SF;N
328;2000133;Pembroke Dock Dimond Street;SA72 6AH;N
1334;2000070;Wednesbury Oakewell Hc (1334);WS10 9HP;N
1188;2000164;Manchester Middleton Sc (1188);M24 4EL;N
1255;2000169;Droylsden Queens Walk (1255);M43 7AD;N
1023;2000154;Fareham Westbury Mall (1023);PO16 0PE ;N
1388;2000079;Chester Le Street Cestria H/C(1388);DH2 3DJ;N
1317;2000170;Petersfield Swan Surgery (1317);GU32 3AB;N
1240;2000214;Prescot Eccleston St (1240);L34 5QJ ;N
1613;2000086;London High Holborn(1613);WC1V 6AZ;N
1012;2000213;Alton 52 High St (1012);GU34 1ET ;N
1333;2000176;Derby Chaddesden Derw Pk Hc (1333);DE21 6AT;N
1208;2000235;Frodsham The Princeway Hc (1208);WA6 6RX;N
6417;2000363;Hull Kingswood Retail Park (6417);HU7 3DA;N
1147;2000162;Skelmersdale (1147);WN8 6ND ;N
1420;2000178;Carshalton Middleton Rd (1420);SM5 1HA ;N
1303;2000242;Nottm Bilboro Bracebridge (1303);NG8 4PN;N
182;2000412;WISBECH (0182);PE13 1AR;N
1223;2000165;Wigan Leigh (1223);WN7 4NB;N
717;2000199;Ilford 177-185 High Rd (717);IG1 1DG ;N
193;2000413;TAMWORTH (0193);B79 7LQ;N
1352;2000177;Runcorn Hallwood Hc (1352);WA7 2UT;N
2345;2000251;Coventry TileHill (2345);CV4 9PP;N
222;2000416;BASINGSTOKE (0222);RG21 7LW;N
1302;2000231;Rawtenstall Bacup Rd Hc (1302);BB4 7PL;N
1599;2000247;Lpool Litherland Seaforth (1599);L21 3TX ;N
1200;2000338;Manchester Market Street (1200);M1 1PL;N
1269;2000236;Coventry Farren Rd (1269);CV2 5EP;N
254;2000425;GLOUCESTER (0254);GL1 1PU;N
1354;2000375;Retford Hospital Primary Care Ctr;DN22 7XF;N
5668;2000297;Basildon Pitsea (5668);SS13 3DU;N
1247;2000339;Ashton Ul Staveleigh Way (1247);OL6 7JL;N
310;2000439;EXETER (0310);EX4 3QD;N
1143;2000336;Oldham Town Sq Sc (1143);OL1 1XD;N
1127;2000523;SALFORD (1127);M6 5JS;N
5410;2000362;Grantham St Peters Hill (5410);NG31 6QF;N
326;2000444;TEWKESBURY (0326);GL20 5JZ;N
1441;2000341;Havant West St (1441);PO9 1PG;N
1278;2000536;CARLISLE (1278);CA3 8JU;N
1080;2000521;BOGNOR REGIS (1080);PO21 1PQ;N
375;2000449;ST AUSTELL (0375);PL25 5EP;N
6429;2000346;Huddersfield Gt Nthrn Rp (6429);HD1 6ND;N
1279;2000537;WORKINGTON (1279);CA14 2AB;N
1181;2000528;BLACKBURN (1181);BB1 7JJ;N
849;2000494;KINGSTON UPON THAMES (0849);KT1 1RP;N
6593;2000348;Tottenham Hale Retail Park;N15 4QD;N
1523;2000545;CANTERBURY (1523);CT1 2TF;N
866;2000495;CROYDON (0866);CR9 1SN;N
1259;2000533;KENDAL (1259);LA9 4PU;N
1154;2000525;BARROW IN FURNESS (1154);LA14 1DB;N
2170;2000496;Hertford Railway Street Temp;SG14 1BA;N
1669;2000547;HARROGATE (1669);HG1 1RX;N
1277;2000535;PENRITH (1277);CA11 7BT;N
1218;2000531;CHEADLE (1218);SK8 1AL;N
917;2000502;WEST THURROCK (0917);RM20 2ZG;N
1118;2000958;Buxton Spring Gardens;SK17 6BZ;N
1449;2000541;CRAWLEY (1449);RH10 1FX;N
1262;2000534;HUYTON (1262);L36 9UQ;N
950;2000511;GUILDFORD (0950);GU1 3DS;N
1136;2000967;ALTRINCHAM (1136);WA14 1RH;N
1469;2000542;POOLE (1469);BH15 1SX;N
1433;2000539;OXTED (1433);RH8 0PG;N
1156;2000974;London One New Change Shopping Ctr;EC4M 9AG;N
964;2000512;DEAL (0964);CT14 6EL;N
1099;2000949;LONDON KINGS CROSS (1099);N1C 4AL;N
1527;2000546;NEWTON ABBOT (1527);TQ12 2DT;N
985;2000517;EAST GRINSTEAD (0985);RH19 1AB;N
1166;2000977;FAREHAM (1166);PO15 7PD;N
6524;2000569;PETERBOROUGH (6524);PE3 8DN;N
1111;2000955;FARRINGDON (1111);EC1M 3HA;N
447;2000710;CREDITON (447);EX17 3LQ;N
234;2000648;BILSTON (234);WV14 0BJ;N
1179;2000982;ST HELENS (1179);WA10 1BD;N
1134;2000966;FLEETWOOD (1134);FY7 6DS;N
1025;2000918;WEST BYFLEET (1025);KT14 6NG;N
288;2000665;STOURPORT ON SEVERN (288);DY13 8BJ;N
1194;2000984;NEWTON-LE-WILLOWS (1194);WA12 9AN;N
1149;2000972;LIVERPOOL (1149);L22 0LY;N
1047;2000927;SOUTHAMPTON (1047);SO45 6AG;N
345;2000675;Ludlow Bull Ring;SY8 1AA;N
1195;2000985;WALLASEY (1195);CH44 5TP;N
1165;2000976;LIVERPOOL (1165);L25 2QY;N
1074;2000935;London Hackney Mare Street;E8 1HR;N
358;2000684;MELKSHAM (358);SN12 6JY;N
1271;2001013;KIDDERMINSTER (1271);DY10 1PF;N
1167;2000978;KESWICK (1167);CA12 5BL;N
1081;2000939;RICKMANSWORTH (1081);WD3 1AJ;N
367;2000686;Whitchurch Watergate Street;SY13 1DW;N
1272;2001014;WINDERMERE (1272);LA23 1EA;N
1178;2000981;MANCHESTER (1178);M27 4BH;N
819;2000824;SURREY QUAYS (819);SE16 7LL;N
1090;2000944;WHITSTABLE (1090);CT5 1AP;N
1321;2001030;BILSTON (1321);WV14 6PW;N
828;2000830;LONDON (828);SE23 3HN;N
1207;2000991;MANCHESTER (1207);M22 9UE;N
1117;2000957;CHESTER (1117);CH1 2BY;N
1400;2001051;HAYWARDS HEATH (1400);RH16 4LQ;N
1211;2000992;ULVERSTON (1211);LA12 7LR;N
834;2000833;ELEPHANT & CASTLE (834);SE1 6TB;N
1126;2000963;KINGS CROSS (1126);N1C 4AP;N
1427;2001066;TWICKENHAM (1427);TW2 7LN;N
848;2000841;SCARBOROUGH (848);YO11 2NP;N
1217;2000994;KNARESBOROUGH (1217);HG5 8PZ;N
1142;2000971;WIGAN (1142);WN1 1BH;N
1197;2000987;AYLESBURY (1197);HP21 8TJ;N
1451;2001076;BEDLINGTON (1451);NE22 7JN;N
876;2000852;NORTHWOOD (876);HA6 2XY;N
1219;2000995;STOCKPORT (1219);SK4 4NZ;N
1199;2000988;LIVERPOOL (1199);L11 1BY;N
1474;2001087;RAYLEIGH (1474);SS6 7EJ;N
901;2000863;WANTAGE (901);OX12 8AW;N
1235;2001001;BOOTLE (1235);L20 4SX;N
1226;2000999;MANCHESTER (1226);M41 0NA;N
1491;2001100;WORTHING (1491);BN12 4AP;N
931;2000876;UXBRIDGE (931);UB8 1JZ;N
1307;2001025;WIRRAL (1307);CH49 7LP;N
1245;2001004;WIRRAL (1245);CH62 7AD;N
1497;2001101;NORTH SHIELDS (1497);NE29 0AZ;N
937;2000880;SOUTHEND-ON-SEA (937);SS2 5SA;N
1345;2001034;CROWBOROUGH (1345);TN6 1AH;N
1246;2001005;LIVERPOOL (1246);L18 1LJ;N
1515;2001110;LONDON (1515);SW18 5LT;N
1378;2001043;EAST GRINSTEAD (1378);RH19 4EE;N
949;2000884;FARNHAM (949);GU9 7NW;N
1253;2001006;STOCKPORT (1253);SK7 1AL;N
1536;2001122;London Muswell Hill;N10 1DJ;N
965;2000892;SUDBURY (965);CO10 0GL;N
1391;2001046;BINGLEY (1391);BD16 4RP;N
6413;2001852;CHESTER (6413);CH1 4QG;N
386;2000691;DARTMOUTH (386);TQ6 9PS;N
242;2000652;THAME (242);OX9 2BU;N
1636;2001149;LONDON (1636);SW1E 6RA;N
1256;2001007;PRESTON (1256);PR5 6LD;N
1537;2001123;GILLINGHAM (1537);ME8 7HW;N
6077;2001779;CAMBERLEY (6077);GU16 6LD;N
163;2000409;HANLEY (0163);ST1 1PZ;N
997;2000903;EDENBRIDGE (997);TN8 5AD;N
847;2000840;SURBITON (847);KT6 4JZ;N
6421;2001855;COVENTRY (6421);CV3 6TA;N
5290;2001414;NESTON (5290);CH64 9TY;N
1407;2001055;GODALMING (1407);GU7 1DW;N
1264;2001010;MANCHESTER (1264);M19 1FN;N
1645;2001154;ILFORD (1645);IG1 1DE;N
398;2000694;SWINDON (398);SN1 4AN;N
247;2000657;HIGH WYCOMBE (247);HP11 2AW;N
1565;2001132;LEEDS (1565);LS26 8SZ;N
6114;2001786;WAKEFIELD (6114);WF2 8FE;N
998;2000904;HYTHE (998);CT21 5JH;N
5626;2001588;WINDSOR (5626);SL4 5BB;N
868;2000847;LONDON (868);SW11 1QN;N
6428;2001859;STOCKTON ON TEES (6428);TS17 7BW;N
1413;2001060;PINNER (1413);HA5 1QR;N
1276;2001017;WHITEHAVEN (1276);CA28 7JN;N
426;2000705;STREET (426);BA16 0EZ;N
1661;2001163;SUTTON COLDFIELD (1661);B74 4QY;N
277;2000662;Telford Wellington;TF1 1LU;N
1573;2001136;ROYSTON (1573);SG8 5PT;N
2136;2000455;Bracknell The Lexicon SC;RG12 1BE;N
2026;2001235;WIRRAL (2026);CH48 4HL;N
6126;2001796;LOUGHBOROUGH (6126);LE12 8BS;N
1865;2001193;London Bethnal Green;E2 0DJ;N
1159;2000975;LIVERPOOL (1159);L9 4RF;N
5767;2001646;WIRRAL (5767);CH61 7UQ;N
6127;2001797;HORSHAM (6127);RH13 9LA;N
5606;2001580;HELSTON (5606);TR12 7BY;N
5886;2001701;BRADFORD (5886);BD8 9LB;N
363;2000685;WARWICK (363);CV34 4DH;N
871;2000849;BALHAM (871);SW12 9AU;N
6446;2001866;NORTHAMPTON (6446);NN5 5DG;N
787;2000805;EPPING (787);CM16 4BL;N
5628;2001589;SWINDON (5628);SN6 6AA;N
1284;2001019;SANDHURST (1284);GU47 9BT;N
1662;2001164;SUTTON COLDFIELD (1662);B72 1ND;N
684;2000765;HEBBURN (684);NE31 1LE;N
2005;2001225;FELTHAM (2005);TW14 8BT;N
1419;2001062;SWINDON (1419);SN2 5HN;N
408;2000697;WOLVERHAMPTON (408);WV11 1SZ;N
6306;2001835;LYMINGTON (6306);SO41 9GF;N
417;2000459;BURNHAM-ON-SEA (0417);TA8 1NX;N
1924;2001208;CARLTON (1924);NG4 3BP;N
5139;2001342;DAGENHAM (5139);RM9 4QS;N
1618;2001143;LONDON (1618);EC2M 1RQ;N
1171;2000979;MANCHESTER (1171);M21 9AQ;N
6228;2001808;YORK (6228);YO31 7EW;N
2032;2001238;BIRMINGHAM (2032);B31 2NN;N
5900;2001708;BRISTOL (5900);BS10 5DW;N
392;2000693;Bridgnorth High Street;WV16 4DB;N
6128;2001798;LISS (6128);GU33 7RL;N
874;2000850;LONDON (874);E18 1AY;N
5657;2001600;NORWICH (5657);NR4 7LG;N
5788;2001659;CRANLEIGH (5788);GU6 8AF;N
5621;2001585;ROMSEY (5621);SO51 8NB;N
796;2000809;London North Finchley;N12 9QR;N
6475;2001880;ELLESMERE PORT (6475);CH65 9HD;N
1808;2001174;DERBY (1808);DE22 2QN;N
1301;2001021;MAIDSTONE (1301);ME14 1QP;N
2018;2001231;SHEPPERTON (2018);TW17 9AR;N
718;2000773;LONDON (718);E13 9AP;N
1948;2001218;CRAWLEY (1948);RH11 7XN;N
1450;2001075;RADLETT (1450);WD7 7LB;N
1620;2001144;PICCADILLY (1620);W1J 8HS;N
445;2000465;LISKEARD (0445);PL14 4BG;N
6308;2001837;NORWICH (6308);NR4 6NU;N
419;2000702;MALMESBURY (419);SN16 9AA;N
5167;2001358;LEEDS (5167);LS10 4LU;N
1196;2000986;MORPETH (1196);NE61 1JX;N
2067;2001248;WALSALL (2067);WS9 8QP;N
6237;2001813;WHITLEY BAY (6237);NE26 3RJ;N
594;2000758;NEWCASTLE UPON TYNE (594);NE4 9QB;N
5675;2001609;CANVEY ISLAND (5675);SS8 0JD;N
411;2000699;OKEHAMPTON (411);EX20 1HB;N
5912;2001716;HULL (5912);HU6 8AQ;N
5633;2001591;SALISBURY (5633);SP4 7DB;N
6239;2001815;MORPETH (6239);NE65 0BX;N
1823;2001180;CHIGWELL (1823);IG7 4DN;N
5794;2001664;HEANOR (5794);DE75 7AA;N
2020;2001232;RUNCORN (2020);WA7 2GX;N
810;2000816;LONDON (810);NW1 2RS;N
1306;2001024;LIVERPOOL (1306);L9 6DN;N
6483;2001884;SWINDON (6483);SN3 3SG;N
735;2000781;LONDON (735);NW1 7JY;N
1644;2001153;NOTTINGHAM (1644);NG8 5RW;N
1462;2001084;POOLE (1462);BH14 9DQ;N
441;2000707;CREWKERNE (441);TA18 7LA;N
26;2000579;ILKESTON (26);DE7 8FD;N
1983;2001223;BIRMINGHAM (1983);ZZ99 9ZZ;N
6388;2001843;LEEDS (6388);LS20 8QH;N
1205;2000990;AMBLESIDE (1205);LA22 9BT;N
2094;2001255;SOLIHULL (2094);B90 3AH;N
5169;2001359;BIRKENHEAD (5169);CH42 2AT;N
5913;2001717;HULL (5913);HU10 6AD;N
5812;2001672;NORWICH (5812);NR4 7EH;N
5260;2001395;LIVERPOOL (5260);L15 9EH;N
5696;2001622;IPSWICH (5696);IP1 3EP;N
5261;2001396;LIVERPOOL (5261);L18 4QZ;N
5921;2001724;MABLETHORPE (5921);LN12 1AF;N
5814;2001673;NORWICH (5814);NR3 4LE;N
5699;2001623;GODALMING (5699);GU8 4TU;N
5269;2001402;LIVERPOOL (5269);L21 7PG;N
5928;2001730;LEEDS (5928);LS25 7AB;N
5831;2001681;SPENNYMOOR (5831);DL16 6DJ;N
5740;2001631;HAMPTON (5740);TW12 2HZ;N
5284;2001410;CLACTON-ON-SEA (5284);CO15 3AY;N
5932;2001733;BRIDLINGTON (5932);YO15 2AT;N
5833;2001683;WHITLEY BAY (5833);NE26 2NA;N
5753;2001638;COLCHESTER (5753);CO5 8QX;N
5285;2001411;COLCHESTER (5285);CO4 3GW;N
5940;2001738;MABLETHORPE (5940);LN12 2EY;N
5763;2001643;READING (5763);RG6 5GA;N
5849;2001693;MIDDLESBROUGH (5849);TS3 6NF;N
5304;2001418;LEE-ON-THE-SOLENT (5304);PO13 9BU;N
5945;2001741;FILEY (5945);YO14 9DG;N
5777;2001652;GOOLE (5777);DN14 7AA;N
5893;2001704;COLCHESTER (5893);CO1 2AR;N
5314;2001422;BIRMINGHAM (5314);B14 5JA;N
5948;2001743;SETTLE (5948);BD24 9ED;N
5778;2001653;HULL (5778);HU9 3DS;N
5894;2001705;LOUGHBOROUGH (5894);LE12 8PY;N
5319;2001427;WEYMOUTH (5319);DT4 9BG;N
5782;2001656;HULL (5782);HU5 3TR;N
5957;2001748;LEICESTER (5957);LE2 5BD;N
5320;2001428;CAMBORNE (5320);TR14 8JY;N
5916;2001720;BRIDLINGTON (5916);YO16 4JB;N
5801;2001666;BEDLINGTON (5801);NE22 5UB;N
6226;2001806;PETERBOROUGH (6226);PE7 1AE;N
5826;2001678;BRIGHTON (5826);BN2 1EA;N
5978;2001757;ROWLANDS GILL (5978);NE39 1PZ;N
6240;2001816;NEWCASTLE UPON TYNE (6240);NE6 5LL;N
5836;2001685;NEWCASTLE UPON TYNE (5836);NE12 8GA;N
5925;2001727;BROUGH (5925);HU15 2AS;N
5988;2001763;SHERINGHAM (5988);NR26 8DT;N
6248;2001823;NORTH SHIELDS (6248);NE30 4LX;N
5843;2001690;Heacham Station Road;PE31 7EY;N
5939;2001737;HULL (5939);HU6 9RY;N
5991;2001765;LITTLEHAMPTON (5991);BN17 6RA;N
6310;2001839;WOLVERHAMPTON (6310);WV2 4NJ;N
5947;2001742;HULL (5947);HU12 9PA;N
5927;2001729;LINCOLN (5927);LN7 6TJ;N
6010;2001767;HOUNSLOW (6010);TW4 5NP;N
6420;2001854;OXFORD (6420);OX4 6XJ;N
5952;2001745;SOUTHAMPTON (5952);SO32 1AB;N
5935;2001734;WETHERBY (5935);LS22 6RS;N
6023;2001771;BISHOP AUCKLAND (6023);DL14 9FA;N
6426;2001858;TAMWORTH (6426);B78 3JD;N
5963;2001749;EASTBOURNE (5963);BN21 4TX;N
5968;2001752;HOVE (5968);BN3 7LU;N
6034;2001773;GLOUCESTER (6034);GL2 4NF;N
6454;2001869;LIVERPOOL (6454);L9 5AN;N
5972;2001754;WHITBY (5972);YO21 3AJ;N
5977;2001756;EAST WITTERING (5977);PO20 8BJ;N
6063;2001777;GUILDFORD (6063);GU1 3JH;N
5987;2001762;HALTWHISTLE (5987);NE49 9AF;N
6474;2001879;BASINGSTOKE (6474);RG24 8BQ;N
6103;2001784;WESTBURY (6103);BA13 3BN;N
5982;2001760;HEBDEN BRIDGE (5982);HX7 7BB;N
6055;2001775;READING (6055);RG6 7NZ;N
6481;2001883;BRISTOL (6481);BS2 0SP;N
6020;2001770;NEWTON ABBOT (6020);TQ12 3SB;N
6117;2001789;WAKEFIELD (6117);WF3 4HS;N
6079;2001780;YATELEY (6079);GU46 7SB;N
6488;2001887;RUGBY (6488);CV21 1RW;N
6120;2001791;WOLVERHAMPTON (6120);WV5 9DP;N
6118;2001790;KEIGHLEY (6118);BD21 1LA;N
6086;2001781;COVENTRY (6086);CV6 5ED;N
6521;2001905;SOUTHPORT (6521);PR9 0TQ;N
6116;2001788;WAKEFIELD (6116);WF2 9PE;N
6123;2001794;WOMBOURNE (6123);WV5 0AW;N
6234;2001810;ROMFORD (6234);RM3 9PH;N
6530;2001910;NEWCASTLE UPON TYNE (6530);NE28 9NT;N
6223;2001803;NEWCASTLE UPON TYNE (6223);NE4 9RX;N
6220;2001802;LEEDS (6220);LS19 6DD;N
6546;2001915;MALVERN (6546);WR14 1JQ;N
6224;2001804;NEWCASTLE UPON TYNE (6224);NE5 3JE;N
6227;2001807;COLCHESTER (6227);CO3 4PG;N
6238;2001814;BEDLINGTON (6238);NE22 5HB;N
6549;2001916;ST. HELENS (6549);WA9 1JF;N
6253;2001825;BRISTOL (6253);BS30 8EN;N
6245;2001821;PRUDHOE (6245);NE42 5PU;N
6574;2001929;WESTON-SUPER-MARE (6574);BS24 7AY;N
6311;2001840;WORTHING (6311);BN11 1LL;N
6586;2001937;BOLTON (6586);BL3 6DH;N
6302;2001831;EAST GRINSTEAD (6302);RH19 4YZ;N
6313;2001841;LICHFIELD (6313);WS13 6RX;N
6587;2001938;BLACKBURN (6587);BB2 3PX;N
5743;2001952;SOUTHAMPTON (5743);SO18 4QD;N
6407;2001849;BEDFORD (6407);MK42 7AZ;N
6615;2001944;CORBY (6615);NN17 5DT;N
6422;2001856;STRATFORD-UPON-AVON (6422);CV37 0HZ;N
636;2000761;TUNSTALL (636);ST6 6BE;N
6242;2001818;MORPETH (6242);NE65 9YF;N
6115;2001787;WAKEFIELD (6115);WF1 4JZ;N
6499;2001894;LEEDS (6499);LS5 3RP;N
6401;2001844;WIRRAL (6401);CH62 3PN;N
739;2000782;HEMEL HEMPSTEAD (739);HP1 1BB;N
6121;2001792;WOLVERHAMPTON (6121);WV3 8HG;N
6257;2001828;ILFRACOMBE (6257);EX34 0AN;N
6512;2001901;WARWICK (6512);CV34 6RH;N
6406;2001848;CROYDON (6406);CR0 4YJ;N
6232;2001809;HORNCHURCH (6232);RM12 6LL;N
743;2000783;HODDESDON (743);EN11 8TJ;N
6303;2001832;BIGGIN HILL (6303);TN16 3JZ;N
6559;2001921;DENTON (6559);M34 3LY;N
6435;2001861;YORK (6435);YO32 9LF;N
6246;2001822;HEXHAM (6246);NE46 1NJ;N
755;2000790;LONDON (755);SW1V 1RY;N
6304;2001833;RUISLIP (6304);HA4 7DS;N
6566;2001925;DERBY (6566);DE21 6NZ;N
6255;2001827;BRISTOL (6255);BS14 9PH;N
6448;2001867;BURY (6448);BL9 5BY;N
6309;2001838;Sheffield Waitrose;S11 8HY;N
773;2000796;FULHAM (773);W6 9PA;N
6324;2001842;NEWCASTLE (6324);NE5 2QZ;N
6582;2001935;GREAT YARMOUTH (6582);NR31 0NL;N
778;2000800;London Dalston Kingsland High St;E8 2NS;N
6453;2001868;WEST BROMWICH (6453);B70 0EN;N
6405;2001847;WALTHAM CROSS (6405);EN8 0NN;N
6410;2001850;NORTHAMPTON (6410);NN3 9HU;N
6463;2001874;MILTON KEYNES (6463);MK10 0BA;N
6583;2001936;SOUTHAMPTON (6583);SO15 1BA;N
6411;2001851;WEDNESBURY (6411);WS10 9QY;N
785;2000804;WOOD GREEN (785);N22 6BA;N
6424;2001857;BRISTOL (6424);BS16 7AE;N
6616;2001945;SMETHWICK (6616);B66 3PR;N
6464;2001875;PRESTON (6464);PR1 6QY;N
6444;2001864;BOLTON (6444);BL6 6JA;N
6431;2001860;RICHMOND (6431);TW9 4AD;N
793;2000808;London Paternoster Square;EC4M 7DX;N
5971;2001753;COLCHESTER (5971);CO3 3JB;N
6705;2001950;EVESHAM (6705);WR11 4AB;N
6445;2001865;Sheffield Heeley Retail Park;S8 0RG;N
6461;2001872;GREENFORD (6461);UB6 0UW;N
6485;2001886;CLAPHAM (6485);SW11 2LG;N
820;2000825;London St Johns Wood;NW8 7SG;N
6597;2001954;NOTTINGHAM (6597);NG16 2RP;N
6473;2001878;WORTHING (6473);BN14 9LA;N
6462;2001873;Enfield Retail Park;EN1 1TH;N
6490;2001888;OLDHAM (6490);OL2 5HX;N
835;2000834;LONDON (835);SE17 2TG;N
7941;2001956;MAIDSTONE (7941);ME14 1BW;N
6480;2001882;ROTHERHAM (6480);S60 1TG;N
6494;2001891;LINCOLN (6494);LN2 4WA;N
6498;2001893;BECKTON, LONDON (6498);E6 7ER;N
1153;2001962;Isle Of Man Douglas;IM1 2EE;N
842;2000838;LONDON (842);SE18 6NB;N
6497;2001892;ROMFORD (6497);RM1 1AU;N
6502;2001896;Shrewsbury Meole Brace Retail Park;SY3 9NB;N
5906;2001713;COTTINGHAM (5906);HU16 4BD;N
6500;2001895;LEICESTER (6500);LE19 1HJ;N
859;2000844;PURLEY (859);CR8 2AF;N
6520;2001904;KINGSTON UPON THAMES (6520);KT2 6QL;N
6510;2001900;BATLEY (6510);WF17 9DT;N
6504;2001897;BASILDON (6504);SS14 3HZ;N
861;2000845;STREATHAM (861);SW16 1BB;N
6535;2001913;CHARLTON GRNWICH RP (6535);SE7 7SR;N
6527;2001908;Watford Waterfield Retail Park;WD17 2EU;N
6505;2001898;CANTERBURY (6505);CT1 3TQ;N
6555;2001919;MANCHESTER (6555);M8 8EP;N
882;2000856;GILLINGHAM (882);ME7 1BS;N
6529;2001909;BRADFORD (6529);BD1 4AG;N
6564;2001924;WOLVERHAMPTON (6564);WV11 1BP;N
6518;2001903;NEWCASTLE UPON TYNE (6518);NE3 2FP;N
6571;2001928;HARTLEPOOL (6571);TS24 0XR;N
947;2000882;FILEY (947);YO14 0JR;N
6580;2001934;SOLIHULL (6580);B90 4QY;N
6523;2001906;BOURNEMOUTH (6523);BH8 9UB;N
6579;2001933;READING (6579);RG31 7SA;N
948;2000883;GRAYS (948);RM17 6LU;N
6607;2001940;Kings Lynn Hardwick Retail Park;PE30 4NA;N
6532;2001911;BARNSLEY (6532);S73 0TB;N
6614;2001943;CANNOCK (6614);WS11 8XP;N
962;2000890;CANVEY ISLAND (962);SS8 7AG;N
6704;2001949;MIDDLESBROUGH (6704);TS6 6UX;N
6537;2001914;BOREHAMWOOD (6537);WD6 4PR;N
6701;2001948;FARNBOROUGH (6701);GU14 8BL;N
963;2000891;ROCHESTER (963);ME2 4AH;N
6558;2001920;DERBY (6558);DE22 3FA;N
1005;2000907;London Notting Hill Gate;W11 3QA;N
6124;2001795;WOLVERHAMPTON (6124);WV3 7HT;N
6562;2001923;Stoke On Trent Festival Retail Pk;ST1 5SJ;N
1007;2000908;EGHAM (1007);TW20 9EX;N
6568;2001927;MILTON KEYNES (6568);MK1 1BN;N
1039;2000924;WALTON-ON-THAMES (1039);KT12 1DG;N
6576;2001930;ST. ALBANS (6576);AL2 1AB;N
1072;2000934;GERRARDS CROSS (1072);SL9 8PQ;N
6613;2001942;CREWE (6613);CW1 2RP;N
1222;2000998;CONGLETON (1222);CW12 1AY;N
292;2001963;Newport Commercial Street;NP20 1UE;N
1258;2001009;LIVERPOOL (1258);L13 5XE;N
1267;2001012;LYTHAM ST. ANNES (1267);FY8 5EW;N
994;2001961;Guernsey St Peter Port;GY1 2JT;N
1848;2001188;OXFORD (1848);OX2 7HQ;N
1311;2001029;Sheffield Berkeley Precinct;S11 8PN;N
2092;2001254;READING (2092);RG1 2AH;N
32;2000581;Retford Carolgate;DN22 6DY;N
1901;2001195;GATESHEAD (1901);NE10 9BF;N
1353;2001036;TROWBRIDGE (1353);BA14 7EG;N
34;2000582;Thorne Finkle Street;DN8 5DE;N
2251;2001276;BIRMINGHAM (2251);B11 4LP;N
1926;2001210;NOTTINGHAM (1926);NG9 8GA;N
1394;2001049;SUNDERLAND (1394);SR3 4HG;N
2350;2001284;WESTON-SUPER-MARE (2350);BS24 9DA;N
61;2000591;SHEFFIELD (61);S9 1EN;N
1952;2001220;CATTERICK GARRISON (1952);DL9 3JD;N
1411;2001059;CARNFORTH (1411);LA6 2AN;N
2353;2001285;SOUTH PETHERTON (2353);TA13 5BT;N
5;2000598;NOTTINGHAM (5);NG9 2JQ;N
2031;2001237;WIRRAL (2031);CH60 0AL;N
1423;2001064;MARGATE (1423);CT9 2QN;N
5010;2001299;YORK (5010);YO24 3BN;N
19;2000603;Belper King Street;DE56 1PS;N
2048;2001242;PLYMOUTH (2048);PL1 1RR;N
1425;2001065;UPMINSTER (1425);RM14 2AJ;N
5042;2001317;RUISLIP (5042);HA4 9DY;N
90;2000606;NORWICH (90);NR2 1LD;N
2076;2001249;YATELEY (2076);GU46 6FR;N
1454;2001078;HASLEMERE (1454);GU27 2HJ;N
5071;2001330;YARM (5071);TS15 9AE;N
125;2000614;GRIMSBY (125);DN32 7AE;N
2117;2001262;CALNE (2117);SN11 0HA;N
1478;2001090;MANCHESTER (1478);M20 6WF;N
5134;2001338;IPSWICH (5134);IP7 5AF;N
2214;2001270;BRADFORD (2214);BD7 4PL;N
127;2000615;Ripley High Street;DE5 3AA;N
1489;2001098;BLYTH (1489);NE24 4AA;N
5162;2001354;HIGH PEAK (5162);SK22 4BP;N
2215;2001271;LYMM (2215);WA13 0HR;N
132;2000616;UXBRIDGE (132);UB8 1GA;N
1490;2001099;SHOREHAM-BY-SEA (1490);BN43 5DA;N
5164;2001355;DAVENTRY (5164);NN11 0XY;N
2316;2001280;SUNBURY-ON-THAMES (2316);TW16 7AB;N
149;2000620;LONDON (149);E6 2HT;N
1510;2001108;READING (1510);RG1 1LT;N
5171;2001361;WIRRAL (5171);CH63 7PG;N
2367;2001289;GUILDFORD (2367);GU5 0HF;N
150;2000621;BAKEWELL (150);DE45 1ES;N
1520;2001113;DURHAM (1520);DH6 2TH;N
5190;2001370;YORK (5190);YO32 5XR;N
2609;2001293;FERNDOWN (2609);BH22 9AL;N
1534;2001120;SUNBURY-ON-THAMES (1534);TW16 7AZ;N
158;2000623;MANCHESTER (158);M17 8BD;N
5199;2001373;BLACKPOOL (5199);FY3 9JR;N
5002;2001294;GATESHEAD (5002);NE11 9YQ;N
1535;2001121;MORPETH (1535);NE61 2SB;N
164;2000625;Leek Derby Street;ST13 6HT;N
5200;2001374;SEAHOUSES (5200);NE68 7RQ;N
5032;2001312;HAYES (5032);UB4 8JF;N
5207;2001379;ROMFORD (5207);RM5 3PH;N
371;2000687;WELLS (371);BA5 2AA;N
1555;2001130;SWANLEY (1555);BR8 7TL;N
5231;2001388;LIVERPOOL (5231);L16 0JN;N
412;2000700;DURSLEY (412);GL11 4AA;N
5033;2001313;HAYES (5033);UB3 4DD;N
1571;2001134;LONDON (1571);W1T 1BE;N
5254;2001394;WOKING (5254);GU21 2DR;N
415;2000701;HELSTON (415);TR13 8QY;N
5303;2001417;CRANFORD HEATH (5303);BH17 8SA;N
5140;2001343;YORK (5140);YO31 7YJ;N
424;2000703;BRIDPORT (424);DT6 3QJ;N
5280;2001409;PAIGNTON (5280);TQ4 7LY;N
5311;2001421;BARROW IN FURNESS (5311);LA14 1JB;N
5146;2001348;YORK (5146);YO32 2ZB;N
425;2000704;Market Drayton Cheshire Street;TF9 1PR;N
5289;2001413;COLCHESTER (5289);CO3 0LX;N
5331;2001437;PENZANCE (5331);TR18 2QW;N
5147;2001349;BRISTOL (5147);BS16 5HL;N
453;2000712;CHIPPING NORTON (453);OX7 5AD;N
5302;2001416;BOURNEMOUTH (5302);BH9 2DG;N
5342;2001445;CAMBORNE (5342);TR14 9EF;N
5183;2001365;LEE-ON-THE-SOLENT (5183);PO13 9DD;N
5317;2001425;BIRMINGHAM (5317);B14 4LR;N
481;2000720;CORSHAM (481);SN13 0HL;N
5343;2001446;WADEBRIDGE (5343);PL27 7AG;N
5189;2001369;ROCHESTER (5189);ME1 2TH;N
5318;2001426;SUTTON COLDFIELD (5318);B76 1NY;N
491;2000723;BRISTOL (491);BS35 2AR;N
5356;2001454;DAVENTRY (5356);NN11 4DY;N
5217;2001383;MANSFIELD (5217);NG20 9BH;N
5325;2001431;HAYLE (5325);TR27 4DY;N
5367;2001459;SOMERTON (5367);TA11 7PR;N
5245;2001390;BATH (5245);BA2 1DE;N
5326;2001432;HAYLE (5326);TR27 4BQ;N
5378;2001463;BIRMINGHAM (5378);B33 8ND;N
5336;2001441;REDRUTH (5336);TR16 4SS;N
5337;2001442;REDRUTH (5337);TR15 1AU;N
5348;2001449;BLANDFORD FORUM (5348);DT11 7AU;N
5411;2001477;HULL (5411);HU3 1DS;N
5355;2001453;STROUD (5355);GL6 8DE;N
5349;2001450;BLANDFORD FORUM (5349);DT11 7AR;N
396;2001960;FALMOUTH (396);TR11 3AB;N
5384;2001466;NORWICH (5384);NR9 3AB;N
444;2000708;ILMINSTER (444);TA19 0AJ;N
811;2000817;LONDON (811);SW1W 9SJ;N
1659;2001161;CARNFORTH (1659);LA5 9JX;N
822;2000826;BECKENHAM (822);BR3 1EW;N
452;2000711;MARLBOROUGH (452);SN8 1LT;N
1677;2001169;Jersey St Saviour Waitrose;JE2 7PN;N
837;2000835;HORLEY (837);RH6 7AY;N
891;2000860;LONDON (891);SE10 9ER;N
1678;2001170;KINGS LYNN (1678);PE30 5QX;N
862;2000846;WELLINGTON (862);TA21 8BD;N
1013;2000911;LYMINGTON (1013);SO41 9AN;N
1819;2001177;CHINGFORD (1819);E4 7BJ;N
884;2000858;LONDON (884);W8 5SF;N
1830;2001184;BILLERICAY (1830);CM12 9BS;N
1018;2000916;ANDOVER (1018);SP10 1LT;N
967;2000894;HOVE (967);BN3 3YD;N
1030;2000921;CROYDON (1030);CR0 1LD;N
5438;2001488;COLCHESTER (5438);CO5 9AE;N
973;2000897;WINDSOR (973);SL4 1DG;N
5443;2001491;BASILDON (5443);SS15 5HL;N
1056;2000929;SUTTON (1056);SM3 8SW;N
1002;2000906;VENTNOR (1002);PO38 1RY;N
1058;2000930;RYE (1058);TN31 7JF;N
1015;2000913;SOUTHAMPTON (1015);SO17 2NF;N
5449;2001495;PETERLEE (5449);SR8 4DW;N
1031;2000922;CROYDON (1031);CR0 6RD;N
5468;2001504;COVENTRY (5468);CV3 2JU;N
1338;2001032;Ripley Church Farm Road;DE5 3TF;N
1060;2000931;GREENHITHE (1060);DA9 9SJ;N
5469;2001505;HONITON (5469);EX14 1PD;N
1341;2001033;MILLOM (1341);LA18 4DE;N
1092;2000945;BEACONSFIELD (1092);HP9 1NL;N
5490;2001517;CHELMSFORD (5490);CM2 0HY;N
1374;2001041;STANLEY (1374);DH9 8AD;N
5499;2001524;SALISBURY (5499);SP4 7HD;N
5157;2001353;NEWTON ABBOT (5157);TQ12 3HH;N
1375;2001042;TRURO (1375);TR1 2JA;N
5187;2001368;CINDERFORD (5187);GL14 2RT;N
5508;2001528;LEEDS (5508);LS8 3AS;N
1403;2001053;LEATHERHEAD (1403);KT22 8AH;N
5203;2001377;CORFE MULLEN (5203);BH21 3LN;N
5524;2001535;OXFORD (5524);OX3 9JA;N
1410;2001058;MIDHURST (1410);GU29 9DJ;N
5227;2001386;BLYTH (5227);NE24 1EY;N
5525;2001536;STORRINGTON PULBOROUGH (5525);RH20 4DR;N
1430;2001068;CATTERICK GARRISON (1430);DL9 4RF;N
5228;2001387;WOKING (5228);GU22 7XL;N
5548;2001546;PORTLAND (5548);DT5 1LZ;N
1437;2001071;LONDON (1437);E11 2AE;N
5278;2001408;SOUTHAMPTON (5278);SO52 9EF;N
5569;2001560;REDHILL (5569);RH1 1QH;N
1447;2001074;LONDON (1447);W1C 2NB;N
5593;2001571;TOTNES (5593);TQ9 5JA;N
5286;2001412;MANNINGTREE (5286);CO11 1AA;N
1459;2001082;NEWCASTLE UPON TYNE (1459);NE15 7LA;N
5636;2001593;LONDON (5636);N16 9PX;N
5315;2001423;BASINGSTOKE (5315);RG22 4AQ;N
5663;2001604;TORQUAY (5663);TQ2 5RA;N
1482;2001093;SANDOWN (1482);PO36 8DA;N
5316;2001424;BIRMINGHAM (5316);B30 3QG;N
5665;2001605;PRESTON (5665);PR2 6NH;N
5322;2001429;CAMELFORD (5322);PL32 9PD;N
1483;2001094;NORWICH (1483);NR2 1SH;N
5323;2001430;FALMOUTH (5323);TR11 2UN;N
1499;2001103;MIDDLESBROUGH (1499);TS7 0JS;N
5335;2001440;REDRUTH (5335);TR15 2BL;N
1509;2001107;TWICKENHAM (1509);TW1 3SD;N
1525;2001116;BROMLEY (1525);BR1 1JY;N
1552;2001129;LEEDS (1552);LS26 0UE;N
1639;2001150;NOTTINGHAM (1639);NG8 5NP;N
1657;2001160;LEICESTER (1657);LE3 3DH;N
206;2001957;CROYDON (206);CR0 1TY;N
2024;2001233;KNUTSFORD (2024);WA16 6DT;N
751;2000789;LONDON (751);W3 6RE;N
477;2000718;AXMINSTER (477);EX13 5AP;N
2027;2001236;WIRRAL (2027);CH46 6AF;N
769;2000795;HARPENDEN (769);AL5 2RU;N
512;2000732;BRISTOL (512);BS8 1QU;N
2039;2001239;SANDBACH (2039);CW11 1AH;N
776;2000799;LONDON (776);W1T 5AP;N
925;2000872;BOURNEMOUTH (925);BH6 3RA;N
2052;2001244;BRIXHAM (2052);TQ5 8AA;N
788;2000806;London Crouch End;N8 8DU;N
930;2000875;BOURNEMOUTH (930);BH2 5NL;N
2059;2001246;DUDLEY (2059);DY1 1PD;N
805;2000814;MITCHAM (805);CR4 2JS;N
969;2000896;BRIGHTON (969);BN1 4JH;N
2061;2001247;BIRMINGHAM (2061);B2 4HQ;N
806;2000815;NEWHAVEN (806);BN9 9PD;N
990;2000901;RAMSGATE (990);CT11 9AB;N
2080;2001250;READING (2080);RG30 4AA;N
1980;2000823;London White City SC Ariel Way;W12 7HT;N
991;2000902;BROADSTAIRS (991);CT10 1LH;N
2089;2001253;BRISTOL (2089);BS34 5UP;N
1017;2000915;FARNBOROUGH (1017);GU14 6ET;N
2102;2001256;BROADSTONE (2102);BH18 8DP;N
824;2000827;CATFORD (824);SE6 4HP;N
832;2000832;LONDON (832);SE1 7AB;N
1022;2000917;SOUTHSEA (1022);PO5 3QQ;N
2112;2001259;CLEVEDON (2112);BS21 6HX;N
838;2000836;LONDON (838);EC4R 9AA;N
2202;2001263;BIRMINGHAM (2202);B31 3UD;N
1035;2000923;BRISTOL (1035);BS32 8EF;N
2204;2001265;OLDBURY (2204);B69 1DF;N
857;2000843;NEW MALDEN (857);KT3 4EU;N
1067;2000932;WATERLOO STN(1067);SE1 7LY;N
880;2000855;GRAVESEND (880);DA11 0TA;N
2216;2001272;HUDDERSFIELD (2216);HD7 6BW;N
1078;2000937;CHESHAM (1078);HP5 1EG;N
885;2000859;LDN ST PANCRAS STA (885);N1C 4QL;N
2217;2001273;MANCHESTER (2217);M24 2AU;N
5352;2001452;HARLOW (5352);CM18 6NS;N
908;2000865;BRISTOL (908);BS37 4AX;N
2321;2001281;BUNGAY (2321);NR35 1LP;N
5383;2001465;Hingham The Market Place;NR9 4AF;N
909;2000866;SHAFTESBURY (909);SP7 8JE;N
2324;2001282;ASHFORD (2324);TW15 1QD;N
5396;2001470;PLYMOUTH (5396);PL5 2UE;N
924;2000871;LIVERPOOL (924);L17 0BJ;N
2378;2001291;CAMBERLEY (2378);GU16 7HY;N
5421;2001481;CANTERBURY (5421);CT1 3HZ;N
954;2000886;CROWBOROUGH (954);TN6 2QA;N
5004;2001296;SEAHAM (5004);SR7 7HF;N
5433;2001486;Wisbech De Havilland Road;PE13 3AN;N
956;2000887;EASTBOURNE (956);BN21 3NL;N
5692;2001619;HALIFAX (5692);HX2 8AL;N
5454;2001497;SALISBURY (5454);SP3 6LD;N
968;2000895;BRIGHTON (968);BN2 1RF;N
719;2000029;London Carnaby Street(719);W1F 9PB;N
1326;2000066;Holsworthy H'Centre Dobles Ln(1326);EX22 6GH;N
519;2000024;Middlesbrough Cleveland Centre(519);TS1 2JZ;N
1131;2000003;Kirkby in Ashfield(1131);NG17 7BQ;N
865;2000037;Kingston On Thames Bentalls SC(865);KT1 1TR;N
1328;2000067;Street Vine Health Park(1328);BA16 0ET;N
6552;2000005;Mansfield St Peters(6552);NG18 1BE;N
5000;1002001;;;N
617;2000145;Airdrie 19 Graham St (617);ML6 6DD ;N
1855;2000089;Daventry Bowen Sq (1855);NN11 4DR ;N
2146;2000076;Trowbridge HC Prospct Pl;BA14 8QA;N
1337;2000071;Stoke On T Bentilee Hc (1337);ST2 0EU;N
618;2000172;Coatbridge Main St (618);ML5 3BQ ;N
2001;2000090;Leighton Buzzard High St (2001);LU7 1DN;N
1355;2000073;Stowmarket Hc (1355);IP14 1NL ;N
1386;2000122;Skegness Churchill Ave Hc (1386);PE25 2RN;N
715;2000198;Basildon Town Sq (715);SS14 1BA ;N
1817;2000180;Romford Farnham Rd (1817);RM3 8DX ;N
1359;2000074;Leicester Syston (1359);LE7 2EQ;N
1144;2000160;Oldham Chadderton (1144);OL9 0LQ;N
6450;2000227;Pboro Serpentine Green (6450);PE7 8BE;N
256;2000131;Redditch Kingfisher Sc (256);B97 4EY;N
92;2000010;Cannock Church Street(92);WS11 1DE;N
1365;2000077;Havant Bosmere Medical Ctr (1365);PO9 1DQ;N
616;2000188;Alexandria Main St (616);G83 0NX ;N
1227;2000166;Manchester Atherton (1227);M46 0DP;N
982;2000152;Tenterden High St (982);TN30 6AH;N
5291;2000239;Halesworth Market Pl (5291);IP19 8AY ;N
100;2000012;Cromer Church Street(100);NR27 9HH;N
1435;2000081;Nottm Long Eaton Midland St(1435);NG10 1RY;N
600;2000193;Glasgow 200 Sauchiehall St (600);G2 3EN ;N
6028;2000185;East Kilbride The Plz (6028);G74 1LW;N
940;2000210;Chatham Pentagon Ctr (940);ME4 4BB;N
5292;2000240;Faringdon Market Pl (5292);SN7 7HP ;N
740;2000201;Hounslow High St (740);TW3 1BL ;N
120;2000015;Nottingham Sherwood(120);NG5 2FS;N
1504;2000083;Heathrow Apt T3 L'side Dep(1504);TW6 1QG;N
1465;2000218;Burgess Hill Market Pl (1465);RH15 9NP;N
777;2000203;London Kilburn (777);NW6 4HJ;N
953;2000211;Aldershot Wellington Ctr (953);GU11 1DB;N
5185;2000262;Christchurch Bransgore (5185);BH23 8AB;N
5531;2000102;Melton Mowbray Hc (5531);LE13 1NX;N
1813;2000179;Harlow Broad Walk (1813);CM20 1JA ;N
6487;2000228;Kirkcaldy Fife Central Rp (6487);KY2 6QL;N
1829;2000219;Frinton On Sea Connaught Ave (1829);CO13 9PW ;N
5288;2000261;Burnham On Crouch (5288);CM0 8BL ;N
5674;2000299;Canvey Island Hc (5674);SS8 9SU ;N
160;2000114;Rugeley Brook Sq (160);WS15 2DT ;N
1455;2000217;Dagenham Heathway The Mall (1455);RM10 8RE;N
1675;2000232;Ruislip Wood Ln Hc (1675);HA4 6ER ;N
2201;2000248;Nuneaton St Nicholas Pk (2201);CV11 6DG ;N
5351;2000266;Harlow Bush Fair North Hs (5351);CM18 6PA;N
5986;2000322;Stansted The Greens Bd (5986);CM24 8BZ ;N
5194;2000361;Lincoln Birchwood Health Centre;LN6 0QQ;N
5415;2000272;Old Colwyn Health Centre;LL29 9NW;N
1294;2000238;Llandudno Queens Road;LL30 1AZ ;N
5087;2000256;Upton Upon Severn High St (5087);WR8 0HB;N
6432;2000347;Banbury Cross RP (6432);OX16 1LX;N
5353;2000267;Tilbury St Chads Rd (5353);RM18 8LB;N
1401;2000243;Appleby in Westmorland (1401);CA16 6XF;N
551;2000475;BRIDLINGTON (0551);YO15 2PY;N
5259;2000259;Hamilton Mill Rd (5259);ML3 8AA ;N
5434;2000275;Wisbech Old Market;PE13 1NB ;N
5538;2000288;Dursley Cam (5538);GL11 5NU;N
553;2000476;WHITBY (0553);YO21 1BL;N
6594;2000349;Widnes Shopping Park (6594);WA8 7TN;N
5530;2000286;Oakham Cold Overton Rd (5530);LE15 6NT ;N
1828;2000343;Clacton 54 Pier Av (1828);CO15 1QN;N
5441;2000277;Great Baddow The Vineyards (5441);CM2 7QS;N
5611;2000291;Airdrie Southbridge (5611);ML6 6JQ;N
562;2000477;BISHOP AUCKLAND (0562);DL14 7EW;N
1421;2000368;Feltham The Centre (1421);TW13 4BS;N
5642;2000298;Llandudno Junction Conway Road;LL31 9DU;N
566;2000479;STOCKTON ON TEES (0566);TS18 1BE;N
5488;2000281;Chelmsford Hatfield (5488);CM3 2HD;N
1629;2000354;London 5 The Strand (1629);WC2N 5HR;N
1114;2000522;MACCLESFIELD (1114);SK11 6AJ;N
565;2000478;SCARBOROUGH (0565);YO11 1LN;N
5798;2000308;Woodhall Spa (5798);LN10 6ST ;N
694;2000486;HEXHAM (0694);NE46 1LU;N
5506;2000282;Loddon High St (5506);NR14 6AH ;N
1434;2000540;AMERSHAM (1434);HP6 5DR;N
1157;2000526;STRETFORD (1157);M32 9BD;N
5815;2000310;Norwich Sprowston (5815);NR7 8ET;N
568;2000481;SUNDERLAND (0568);SR1 3LF;N
1849;2000556;WENDENE (1849);NR5 9HA;N
5521;2000284;Hemel H Bennets Gate (5521);HP3 8EW;N
1481;2000543;WARRINGTON (1481);WA1 1QE;N
33;2000355;Melton Mowbray Cheapside (33);LE13 0TP;N
1189;2000530;LANCASTER (1189);LA1 1NB;N
6455;2000567;WIGAN (6455);WN5 0UH;N
5053;2000561;RUGBY (5053);CV21 2JR;N
5523;2000285;Sileby Swan St (5523);LE12 7NW;N
5732;2001625;LONDON (5732);KT7 0RY;N
5463;2001502;LYMINGTON (5463);SO41 9ND;N
984;2000899;ST. LEONARDS-ON-SEA (984);TN37 6AJ;N
5733;2001626;LONDON (5733);KT9 1AB;N
5482;2001511;SANDOWN (5482);PO36 8AF;N
5747;2001634;SALFORD (5747);M7 4UF;N
1016;2000914;FLEET (1016);GU51 3BN;N
5495;2001520;CULLOMPTON (5495);EX15 1FE;N
1049;2000928;WATFORD (1049);WD24 5BQ;N
5764;2001644;LIVERPOOL (5764);L3 5NF;N
5514;2001531;HARROGATE (5514);HG3 2XQ;N
1084;2000941;SEAFORD (1084);BN25 1LS;N
5770;2001649;LIVERPOOL (5770);L9 8BU;N
5534;2001541;LICHFIELD (5534);WS13 7FA;N
1940;2001959;STANSTED (1940);CM24 1RW;N
1004;2001951;SHANKLIN (1004);PO37 6LA;N
887;2001958;WALSALL (887);WS1 1NG;N
6254;2001826;BRISTOL (6254);BS4 4EW;N
6301;2001830;WILMSLOW (6301);SK9 1AY;N
5180;2001364;WATERLOOVILLE (5180);PO7 6NU;N
1472;2001086;Stanmore Church Street;HA7 4AL;N
6307;2001836;EASTBOURNE (6307);BN21 1HR;N
5783;2001657;BRADFORD (5783);BD5 7AT;N
1485;2001095;CHOPPINGTON (1485);NE62 5DA;N
5792;2001662;COVENTRY (5792);CV2 5FS;N
6402;2001845;SALFORD (6402);M5 3TP;N
1486;2001096;NEWCASTLE UPON TYNE (1486);NE2 2AD;N
5809;2001670;Doncaster Harworth Hc Scrooby Road;DN11 8JT;N
6404;2001846;BIRMINGHAM (6404);B24 9FP;N
1505;2001104;GATESHEAD (1505);NE8 1LR;N
5810;2001671;HIGH PEAK (5810);SK22 4AA;N
6415;2001853;LONDON (6415);SW19 2TY;N
1514;2001109;WHITLEY BAY (1514);NE26 4DR;N
6437;2001862;PRESCOT (6437);L34 5NQ;N
5829;2001679;DURHAM (5829);DH7 6JW;N
1528;2001117;LONDON (1528);W1U 4RN;N
6443;2001863;PRESTON (6443);PR5 4AW;N
5845;2001691;MIDDLESBROUGH (5845);TS8 0TJ;N
1544;2001126;LONDON (1544);SW1V 1JT;N
6465;2001876;SUTTON COLDFIELD (6465);B73 6RB;N
5852;2001696;WITNEY (5852);OX28 5YP;N
1556;2001131;GATESHEAD (1556);NE10 9QG;N
6467;2001877;BEXHILL ON SEA (6467);TN40 2JS;N
5891;2001703;BORDON (5891);GU35 0TN;N
2158;2001139;Knightsbridge Brompton Road;SW3 1QP;N
5914;2001718;HULL (5914);HU5 5BL;N
6493;2001890;NEWBURY (6493);RG14 7HU;N
6458;2001870;MANCHESTER (6458);M41 7FN;N
5915;2001719;PONTEFRACT (5915);WF9 2RN;N
6507;2001899;CHELTENHAM (6507);GL51 9RR;N
6459;2001871;COVENTRY (6459);CV6 6AS;N
5936;2001735;WITHERNSEA (5936);HU19 2HB;N
6525;2001907;SWINDON (6525);SN25 4AN;N
5942;2001740;HULL (5942);HU6 7HP;N
6561;2001922;STEVENAGE (6561);SG1 1XN;N
6477;2001881;NORWICH (6477);NR1 1WR;N
5949;2001744;GOSPORT (5949);PO13 9SP;N
6578;2001932;BROADHEATH, ALTRINCHAM (6578);WA14 5GR;N
6484;2001885;EXETER (6484);EX4 1AH;N
5966;2001750;MIDDLESBROUGH (5966);TS6 0NH;N
6619;2001947;NORWICH (6619);NR5 0JT;N
6492;2001889;CAMBRIDGE (6492);CB5 8WR;N
5973;2001755;WEST MALLING (5973);ME19 6NA;N
6534;2001953;NOTTINGHAM (6534);NG2 1RU;N
6515;2001902;MILTON KEYNES (6515);MK4 4DD;N
5980;2001759;BRIDLINGTON (5980);YO15 2PY;N
6533;2001912;DONCASTER (6533);DN2 4PE;N
6014;2001768;BATTLE (6014);TN33 0AE;N
6550;2001917;HULL (6550);HU1 2TX;N
6030;2001772;WEST DRAYTON (6030);UB7 7BY;N
6551;2001918;DURHAM (6551);DH1 5GB;N
6110;2001785;LYDNEY (6110);GL15 6JS;N
6567;2001926;SHEFFIELD (6567);S20 7JL;N
6122;2001793;WOLVERHAMPTON (6122);WV3 7LF;N
6577;2001931;Telford Telford Forge Retail Park;TF3 4AG;N
6219;2001801;PUDSEY (6219);LS28 8LE;N
6225;2001805;CORBY (6225);NN18 0LR;N
6590;2001939;TORQUAY (6590);TQ2 7BJ;N
6611;2001941;BRISTOL (6611);BS13 7TJ;N
6618;2001946;COVENTRY (6618);CV3 2SB;N
5637;2001594;MIDDLESBROUGH (5637);TS1 3QY;N
895;2000861;CATERHAM (895);CR3 6RT;N
1653;2001158;BROADSTAIRS (1653);CT10 2BF;N
5244;2001389;BATH (5244);BA1 7NB;N
2111;2001258;MANCHESTER (2111);M1 4RL;N
5648;2001596;CHESTER (5648);CH1 2NR;N
897;2000862;London Stamford Hill;N16 6TT;N
1670;2001167;BLYTH (1670);NE24 5LB;N
5262;2001397;WARRINGTON (5262);WA1 3AB;N
921;2000869;WATERLOOVILLE (921);PO7 7DS;N
5654;2001599;TAUNTON (5654);TA2 6NX;N
5264;2001398;EGREMONT (5264);CA22 2DB;N
1807;2001173;COVENTRY (1807);CV2 4HH;N
236;2000649;COVENTRY (236);CV4 7EH;N
1408;2001056;SEDBERGH (1408);LA10 5BL;N
561;2000750;DURHAM (561);DH1 3NB;N
1191;2000983;WARRINGTON (1191);WA5 7TY;N
761;2000791;ROYSTON (761);SG8 9AG;N
67;2000593;Stoke On Trent Longton Exchange;ST3 2HX;N
1292;2001020;BOLTON (1292);BL1 2AL;N
1230;2000532;BLACKPOOL (1230);FY1 4TE;N
6565;2000574;BRISTOL (6565);BS5 6XX;N
14;2000359;Newark Stodman Street;NG24 1AT;N
1308;2001026;WALLASEY (1308);CH45 4JG;N
171;2000371;Ely Market Street (171);CB7 4PB;N
2157;2000733;Leeds Arndale Centre Otley Road;LS6 2UE;N
6386;2000564;TROWBRIDGE (6386);BA14 8FZ;N
6608;2000578;NORTHAMPTON (6608);NN1 1EE;N
134;2000403;WOODBRIDGE (0134);IP12 1AL;N
549;2000745;BARNARD CASTLE (549);DL12 8NE;N
255;2000426;YATE (0255);BS37 4AP;N
1336;2001031;PLYMOUTH (1336);PL1 5AQ;N
467;2000715;BRISTOL (467);BS20 6EL;N
6554;2000573;SHEPTON MALLET (6554);BA4 5TZ;N
557;2000748;CROOK (557);DL15 9AZ;N
301;2000437;TAUNTON (0301);TA1 3PT;N
274;2000434;SHREWSBURY (0274);SY1 1DD;N
1366;2001038;THAME (1366);OX9 3JZ;N
6595;2000577;POOLE (6595);BH12 1DN;N
479;2000719;WOKINGHAM (479);RG40 1AT;N
585;2000755;LEICESTER (585);LE1 4FQ;N
319;2000443;BARNSTAPLE (0319);EX31 1HX;N
313;2000441;PAIGNTON (0313);TQ4 5DN;N
1368;2001039;DUDLEY (1368);DY1 1RT;N
502;2000728;LEEDS (502);LS1 4DT;N
1095;2000946;ESHER (1095);KT10 9RL;N
587;2000756;SELBY (587);YO8 4PB;N
384;2000450;CHARD (0384);TA20 1PH;N
906;2000497;CAMBERLEY (0906);GU15 3SD;N
1371;2001040;HARTLEPOOL (1371);TS24 7PW;N
1102;2000950;OLDHAM (1102);OL2 8NH;N
655;2000762;NEWCASTLE UPON TYNE (655);NE1 7XF;N
509;2000730;COLNE (509);BB8 0HS;N
169;2000628;Uttoxeter High Street;ST14 7HT;N
438;2000463;CHRISTCHURCH (0438);BH23 1QB;N
1389;2001045;LIVERPOOL (1389);L3 2BG;N
696;2000767;ALNWICK (696);NE66 1JD;N
1122;2000959;MANCHESTER (1122);M30 0EA;N
520;2000734;LEEDS (520);LS11 8LL;N
185;2000635;NEWMARKET (185);CB8 8JX;N
1968;2001050;Sutton Coldfield Mere Green Road;B75 5BP;N
483;2000468;READING (0483);RG5 3JP;N
726;2000777;CHELSEA (726);SW3 4UT;N
1123;2000960;SALE (1123);M33 7XZ;N
198;2000639;FELIXSTOWE (198);IP11 7AD;N
530;2000739;HUDDERSFIELD (530);HD1 2QE;N
1406;2001054;FRIZINGTON (1406);CA26 3SA;N
46;2000587;WHITLEY BAY (46);NE26 2TJ;N
1151;2000973;RUNCORN (1151);WA7 2ST;N
747;2000785;London Chiswick High Road;W4 5TA;N
1414;2001061;BANSTEAD (1414);SM7 2NL;N
2138;2000663;Didcot The Orchard Centre;OX11 7LG;N
1203;2000989;ORMSKIRK (1203);L39 2AA;N
588;2000757;HULL (588);HU1 2ER;N
762;2000792;PALMERS GREEN (762);N13 4YB;N
330;2000673;OXFORD (330);OX1 3HL;N
1428;2001067;MAIDA VALE (1428);W9 1SY;N
78;2000595;RUSHDEN (78);NN10 0QE;N
1220;2000996;ALTON (1220);GU34 1RJ;N
782;2000803;LONDON (782);E14 4QS;N
5091;2001335;MELTON MOWBRAY (5091);LE14 3YD;N
1431;2001069;HAYWARDS HEATH (1431);RH16 3QB;N
346;2000676;OXFORD (346);OX3 9AJ;N
79;2000596;GRACECHURCH STREET (79);EC3V 0HR;N
1266;2001011;STOURBRIDGE (1266);DY8 4HZ;N
792;2000807;LONDON FINCHLEY ROAD (792);NW11 7RR;N
1438;2001072;CHELMSFORD (1438);CM1 3RW;N
5141;2001344;YORK (5141);YO31 1AE;N
869;2000848;PUTNEY (869);SW15 1SR;N
119;2000612;MATLOCK (119);DE4 3AR;N
812;2000818;WELWYN GARDEN CITY (812);AL8 6HA;N
1304;2001022;COVENTRY (1304);CV3 5PZ;N
1442;2001073;WESTGATE-ON-SEA (1442);CT8 8RF;N
5143;2001346;YORK (5143);YO10 3SD;N
878;2000854;CLACTON-ON-SEA (878);CO15 1NJ;N
1309;2001027;WINCANTON (1309);BA9 9FQ;N
813;2000819;Harrow Wealdstone;HA3 7AF;N
5148;2001350;STOURBRIDGE (5148);DY8 3NX;N
142;2000619;OAKHAM (142);LE15 9PZ;N
1456;2001079;UCKFIELD (1456);TN22 1AG;N
883;2000857;SHEERNESS (883);ME12 1NT;N
1347;2001035;NORWICH (1347);NR2 2TJ;N
172;2000630;DEREHAM (172);NR19 2AP;N
1457;2001080;WALTHAM CROSS (1457);EN8 7BZ;N
5153;2001351;BARNSTAPLE (5153);EX31 3BG;N
907;2000864;SOUTHAMPTON (907);SO19 9DY;N
1387;2001044;LIVERPOOL (1387);L18 1HG;N
304;2000666;DEVIZES (304);SN10 1AJ;N
1461;2001083;PETERLEE (1461);SR8 3PF;N
839;2000837;LONDON (839);SE1 2HD;N
5165;2001356;ASHTON UNDER LYNE (5165);OL6 6BU;N
920;2000868;PORTSMOUTH (920);PO2 0BQ;N
1392;2001047;GATESHEAD (1392);NE10 0DJ;N
314;2000668;TEIGNMOUTH (314);TQ14 8HH;N
1463;2001085;SOUTHAMPTON (1463);SO15 3NJ;N
5166;2001357;CANNOCK (5166);WS11 1JN;N
1409;2001057;WORCESTER PARK (1409);KT4 8HH;N
354;2000681;ROWLEY REGIS (354);B65 0DR;N
1479;2001091;TEDDINGTON (1479);TW11 8QZ;N
923;2000870;HAVANT (923);PO9 5AA;N
5172;2001362;PRENTON (5172);CH43 9SE;N
1673;2001168;LONDON (1673);E12 6EA;N
1422;2001063;HUNGERFORD (1422);RG17 0DL;N
355;2000682;BIRMINGHAM (355);B44 9SU;N
934;2000878;BOURNEMOUTH (934);BH9 2HE;N
1910;2001200;BRADFORD (1910);BD1 1US;N
1480;2001092;ALDGATE (1480);EC3N 1LH;N
5177;2001363;KEIGHLEY (5177);BD20 8TB;N
5918;2001722;HULL (5918);HU4 6PJ;N
2252;2001277;DUKINFIELD (2252);SK16 4DB;N
927;2000873;SWANAGE (927);BH19 1AB;N
5661;2001602;SOUTHAMPTON (5661);SO18 1JB;N
2372;2001290;SOUTHAMPTON (2372);SO45 2NZ;N
1814;2001176;LONDON (1814);E4 6SJ;N
5662;2001603;PLYMOUTH (5662);PL4 8SY;N
929;2000874;BOURNEMOUTH (929);BH4 9DZ;N
5272;2001404;LEEDS (5272);LS11 8BB;N
1826;2001183;IPSWICH (1826);IP1 1DT;N
5003;2001295;FELTHAM (5003);TW13 4BH;N
5679;2001610;BROMLEY (5679);BR1 5AB;N
932;2000877;BOURNEMOUTH (932);BH1 4BP;N
5300;2001415;NEWCASTLE UPON TYNE (5300);NE12 6HS;N
1844;2001187;COVENTRY (1844);CV3 5HD;N
5015;2001304;RICHMOND (5015);DL10 4PX;N
5684;2001613;BLACKBURN (5684);BB1 1TF;N
946;2000881;WESTCLIFF-ON-SEA (946);SS0 7EL;N
5306;2001420;BRIXHAM (5306);TQ5 9DE;N
1853;2001191;LEICESTER (1853);LE2 5BB;N
5016;2001305;BILLINGHAM (5016);TS23 2ND;N
959;2000888;REIGATE (959);RH2 9AT;N
5329;2001435;PAR (5329);PL24 2AQ;N
1906;2001198;GATESHEAD (1906);NE8 1BF;N
5366;2001458;LANGPORT (5366);TA10 9PW;N
961;2000889;DORKING (961);RH4 1AW;N
1909;2001199;NEWCASTLE UPON TYNE (1909);NE4 7QY;N
5330;2001436;PAR (5330);PL24 2JG;N
5693;2001620;BARNSLEY (5693);S70 5NZ;N
5399;2001472;SALTASH (5399);PL12 6JW;N
979;2000898;HOUNSLOW (979);TW4 7DN;N
5332;2001438;PENZANCE (5332);TR18 2QU;N
1925;2001209;NOTTINGHAM (1925);NG16 3GS;N
5731;2001624;CHESSINGTON (5731);KT9 1QL;N
5426;2001483;REDRUTH (5426);TR15 3DU;N
1029;2000920;London Shepherds Bush;W12 8PP;N
5340;2001443;ST. IVES (5340);TR26 1RU;N
1931;2001214;NOTTINGHAM (1931);NG10 5HZ;N
5437;2001487;DIDCOT (5437);OX11 7XT;N
5737;2001628;RUISLIP (5737);HA4 0QP;N
1041;2000926;London Mill Hill;NW7 3LH;N
5341;2001444;TINTAGEL (5341);PL34 0DA;N
2046;2001241;MANCHESTER (2046);M8 4QS;N
5459;2001499;LEEDS (5459);LS10 2JJ;N
5745;2001633;SOUTHAMPTON (5745);SO16 3BD;N
5350;2001451;STURMINSTER NEWTON (5350);DT10 1AS;N
1068;2000933;GREENFORD (1068);UB6 9PT;N
2088;2001252;EAST LOOE (2088);PL13 1DS;N
5483;2001512;BEMBRIDGE (5483);PO35 5SD;N
5754;2001639;MORPETH (5754);NE65 7TB;N
1079;2000938;LITTLEHAMPTON (1079);BN17 5DX;N
5362;2001456;CASTLE CARY (5362);BA7 7BG;N
2116;2001261;ELLESMERE PORT (2116);CH65 0AP;N
5484;2001513;WAREHAM (5484);BH20 4AF;N
5759;2001642;MORPETH (5759);NE61 1HG;N
1086;2000942;LONDON (1086);N14 5PH;N
5364;2001457;GLASTONBURY (5364);BA6 9DS;N
5498;2001523;ST AUSTELL (5498);PL25 4RD;N
2218;2001274;ASHTON UNDER LYNE (2218);OL7 9PS;N
5768;2001647;LIVERPOOL (5768);L31 0AE;N
1124;2000961;SALFORD (1124);M7 4PF;N
5374;2001462;BIRMINGHAM (5374);B36 0QG;N
5518;2001533;REDRUTH (5518);TR16 4HZ;N
2331;2001283;UXBRIDGE (2331);UB10 9PG;N
1140;2000969;BURY (1140);BL9 0QQ;N
5771;2001650;SOUTHPORT (5771);PR8 5AB;N
2388;2001292;SLOUGH (2388);SL1 7JP;N
5379;2001464;BIRMINGHAM (5379);B33 0AP;N
5536;2001542;MANCHESTER (5536);M41 0SE;N
5780;2001655;EASINGWOLD (5780);YO61 3AD;N
1141;2000970;HYDE (1141);SK14 2LX;N
5394;2001469;MAIDSTONE (5394);ME15 6SA;N
5008;2001298;NEWCASTLE UPON TYNE (5008);NE6 1DN;N
5790;2001660;Coningsby Silver Street;LN4 4SG;N
1215;2000993;WIGAN (1215);WN4 9AN;N
5402;2001475;BIRMINGHAM (5402);B24 9PJ;N
5793;2001663;COVENTRY (5793);CV6 3EX;N
5563;2001556;TORQUAY (5563);TQ1 4PU;N
5013;2001302;BINGLEY (5013);BD16 1AJ;N
5584;2001565;CAMBRIDGE (5584);CB4 1EP;N
5403;2001476;SOLIHULL (5403);B92 9AG;N
5804;2001667;Long Sutton Market Place;PE12 9JG;N
5036;2001315;MIDDLESBROUGH (5036);TS5 6HX;N
5465;2001503;WIRRAL (5465);CH49 0UB;N
5591;2001570;HULL (5591);HU4 6NH;N
5808;2001669;NEWARK (5808);NG22 9PR;N
5038;2001316;MALTON (5038);YO17 7HT;N
5497;2001522;ST. AUSTELL (5497);PL26 6UQ;N
5600;2001576;BIRMINGHAM (5600);B5 7NX;N
5824;2001677;GODALMING (5824);GU7 3AZ;N
5066;2001329;LONDON (5066);SW18 4TG;N
5547;2001545;PORTLAND (5547);DT5 1BX;N
5609;2001581;BATH (5609);BA1 4DF;N
5832;2001682;BLAYDON-ON-TYNE (5832);NE21 4RE;N
5082;2001334;LEEDS (5082);LS13 2ET;N
5842;2001689;WHITLEY BAY (5842);NE26 3HL;N
5590;2001569;HULL (5590);HU3 3BG;N
5094;2001336;WEYMOUTH (5094);DT4 0AE;N
5850;2001694;STOCKTON-ON-TEES (5850);TS20 2UZ;N
5154;2001352;BIDEFORD (5154);EX39 2AA;N
5888;2001702;BASINGSTOKE (5888);RG22 4EH;N
2083;2001955;London Paddington Stn Concourse;W2 1HB;N
2011;2001228;BATH (2011);BA1 1AT;N
1243;2001002;COCKERMOUTH (1243);CA13 9LU;N
5457;2001498;LEEDS (5457);LS25 7JN;N
1244;2001003;THORNTON-CLEVELEYS (1244);FY5 1BS;N
2012;2001229;LONDON (2012);E20 1EH;N
5473;2001507;SALTBURN BY THE SEA (5473);TS12 1AE;N
1257;2001008;PRESTON (1257);PR2 2DX;N
2045;2001240;BRIERLEY HILL (2045);DY5 3AH;N
5475;2001508;WINCANTON (5475);BA9 9JU;N
1274;2001015;KINGSWINFORD (1274);DY6 0NP;N
2103;2001257;BATH (2103);BA1 1EL;N
5489;2001516;COLCHESTER (5489);CO7 0AB;N
1275;2001016;BRIERLEY HILL (1275);DY5 3RJ;N
2115;2001260;WEDNESBURY (2115);WS10 8DE;N
5496;2001521;HOLT (5496);NR25 6BN;N
1282;2001018;MORECAMBE (1282);LA4 5DH;N
2208;2001268;BAILDON (2208);BD17 6LR;N
5507;2001527;KNARESBOROUGH (5507);HG5 0DH;N
1305;2001023;HULL (1305);HU6 9BX;N
2210;2001269;HYDE (2210);SK14 2EL;N
5516;2001532;Shifnal Cheapside;TF11 8BN;N
1363;2001037;SKIPTON (1363);BD23 1EU;N
5690;2001617;WIGAN (5690);WN3 6JA;N
2302;2001278;FELTHAM (2302);TW14 0JJ;N
5553;2001549;HAZLEMERE (5553);HP15 7AA;N
1393;2001048;BIRMINGHAM (1393);B32 3SD;N
2357;2001287;NORWICH (2357);NR5 8TU;N
5555;2001550;FLACKWELL HEATH (5555);HP10 9NB;N
1402;2001052;ASPATRIA (1402);CA7 3HH;N
5007;2001297;SUNDERLAND (5007);SR1 3NX;N
5582;2001564;SOUTH SHIELDS (5582);NE34 7LZ;N
1436;2001070;CHEADLE (1436);SK8 6AW;N
5017;2001306;NORTHALLERTON (5017);DL7 8LW;N
5598;2001574;MIRFIELD (5598);WF14 8AN;N
1453;2001077;STOCKSFIELD (1453);NE43 7LA;N
5019;2001307;HESSLE (5019);HU13 0AA;N
5617;2001583;FERRYHILL (5617);DL17 8HX;N
1458;2001081;PENGE (1458);SE20 7EX;N
5027;2001310;UXBRIDGE (5027);UB9 5ET;N
5618;2001584;HULL (5618);HU5 1AH;N
1476;2001089;PETERLEE (1476);SR8 3PF;N
1498;2001102;HORNCHURCH (1498);RM12 4UH;N
5635;2001592;HUDDERSFIELD (5635);HD4 5RX;N
5031;2001311;OTLEY (5031);LS21 3HJ;N
1519;2001112;London Hampstead;NW3 1QE;N
5050;2001320;LEEDS (5050);LS1 7JH;N
5673;2001608;CANVEY ISLAND (5673);SS8 0JA;N
1538;2001124;DARLINGTON (1538);DL3 7QW;N
5691;2001618;PRESTON (5691);PR2 1HN;N
5059;2001325;GUILDFORD (5059);GU4 8JU;N
1570;2001133;CAMBRIDGE (1570);CB1 1PS;N
5752;2001637;MANCHESTER (5752);M8 0DA;N
5065;2001328;THIRSK (5065);YO7 1LU;N
5562;2001555;LEATHERHEAD (5562);KT23 4AA;N
1624;2001145;London Queensway;W2 6LS;N
5077;2001333;LEEDS (5077);LS2 8PJ;N
5769;2001648;LIVERPOOL (5769);L26 9UH;N
1626;2001146;REGENT STREET (1626);W1B 3AS;N
5791;2001661;CONSETT (5791);DH8 5YB;N
5138;2001341;LINGFIELD (5138);RH7 6EP;N
1646;2001155;LONDON (1646);SW15 1SS;N
5816;2001674;NORWICH (5816);NR1 3HP;N
5145;2001347;YORK (5145);YO30 6BA;N
1656;2001159;LONDON (1656);SW10 9NB;N
5186;2001367;LYMINGTON (5186);SO41 9GJ;N
5835;2001684;NEWCASTLE UPON TYNE (5835);NE3 3RX;N
5215;2001381;CHELMSFORD (5215);CM1 6NF;N
5851;2001695;EXETER (5851);EX4 1HW;N
5216;2001382;CHESTERFIELD (5216);S42 5RB;N
5880;2001698;BURNLEY (5880);BB11 3ND;N
5249;2001393;WARMINSTER (5249);BA12 9AA;N
5268;2001401;LIVERPOOL (5268);L7 0LA;N
5896;2001706;Abbots Langley;WD5 0AE;N
5277;2001407;HARROW (5277);HA1 3QN;N
5898;2001707;HOVE (5898);BN3 2EB;N
5904;2001712;NORTH FERRIBY (5904);HU14 3BU;N
5204;2001378;WAREHAM (5204);BH20 6EJ;N
579;2000027;Peterlee The Chare(579);SR8 1AE;N
6412;2000094;Thurrock The Junction RP(6412);RM20 3LP;N
577;2000026;Chichester 10-12 North Street(577);PO19 1LB;N
503;2000106;Burnley St James St (503);BB11 1QL;N
89;2000009;Kings Lynn High Street(89);PE30 1BL;N
2030;2000182;Northwich Witton St (2030);CW9 5DH ;N
1801;2000087;Nottingham Arnold (1801);NG5 7EB;N
6425;2000096;Congleton Retail Park(6425);CW12 1LJ;N
786;2000149;London Holloway Rd (786);N7 6QA ;N
759;2000031;Stevenage High Street(759);SG1 3EF;N
2105;2000184;Tredegar Gwent Shopping Centre;NP22 3EJ;N
808;2000033;London Brixton Rd (808);SW9 8HH ;N
2062;2000091;Manchester Airport T1 L'side(2062);M90 3AL;N
864;2000036;London Tooting (864);SW17 9PB ;N
1854;2000344;Northampton Weston Favel (1854);NN3 8JZ;N
836;2000150;Bromley The Glades Sc (836);BR 1HD;N
6436;2000097;Colchester Tollgate Ctr (6436);CO3 8RG ;N
809;2000034;Epsom Ashley Ctr (809);KT18 5DB ;N
5361;2000268;Telford Shawbirch (5361);TF5 0LW ;N
928;2000041;Ashford High St (928);TN24 8TB ;N
951;2000885;London Moorgate High Street;EC2M 6XQ;N
1917;2001201;GRANTHAM (1917);NG31 6HR;N
1506;2001105;READING (1506);RG4 8BA;N
5191;2001371;STOCKTON-ON-TEES (5191);TS20 1DN;N
403;2000696;LYME REGIS (403);DT7 3QF;N
5919;2001723;BEVERLEY (5919);HU17 9BP;N
1521;2001114;LONDON (1521);WC2B 6PP;N
966;2000893;HOVE (966);BN3 5TD;N
1927;2001211;NOTTINGHAM (1927);NG9 1GA;N
446;2000709;BRISTOL (446);BS8 2NN;N
5201;2001375;CLACTON-ON-SEA (5201);CO15 4DA;N
5926;2001728;HULL (5926);HU7 4EF;N
1524;2001115;PORTSMOUTH (1524);PO1 1HB;N
1933;2001216;NOTTINGHAM (1933);NG6 8QH;N
987;2000900;DOVER (987);CT16 1BH;N
471;2000716;SOUTH MOLTON (471);EX36 3AQ;N
5202;2001376;PETERBOROUGH (5202);PE6 7UP;N
5941;2001739;MABLETHORPE (5941);LN12 2DR;N
1542;2001125;NEWCASTLE UPON TYNE (1542);NE15 8DE;N
2002;2001224;BIRMINGHAM (2002);B31 3JP;N
5398;2001471;PLYMOUTH (5398);PL6 5AD;N
5225;2001384;CAMBRIDGE (5225);CB1 9HX;N
5955;2001746;EXETER (5955);EX4 7BW;N
1014;2000912;PORTSMOUTH (1014);PO1 3TZ;N
1572;2001135;LEEDS (1572);LS14 6GG;N
318;2000671;PLYMOUTH (318);PL4 6JH;N
5416;2001479;TAUNTON (5416);TA1 2QA;N
2017;2001230;NANTWICH (2017);CW5 5LN;N
5226;2001385;CANTERBURY (5226);CT1 1UL;N
5956;2001747;ANDOVER (5956);SP10 1LJ;N
5198;2001372;HULL (5198);HU8 0TX;N
1627;2001147;WESTON-SUPER-MARE (1627);BS23 3SS;N
2025;2001234;HALESOWEN (2025);B63 3AW;N
5442;2001490;BILLERICAY (5442);CM12 0UA;N
5247;2001392;BRADFORD (5247);BD9 6NJ;N
877;2000853;London Cheapside;EC2V 6DN;N
5979;2001758;WINSCOMBE (5979);BS25 1AG;N
1648;2001157;HIGH WYCOMBE (1648);HP11 2AZ;N
2049;2001243;TORQUAY (2049);TQ1 2AA;N
5447;2001494;GATESHEAD (5447);NE9 6HX;N
156;2000408;ST NEOTS (0156);PE19 1BW;N
5839;2001687;BLAYDON-ON-TYNE (5839);NE21 5BT;N
993;2000212;West Wickham Station Rd (993);BR4 0PU;N
5334;2001439;PERRANPORTH (5334);TR6 0JL;N
714;2000488;STRATFORD (0714);E15 1XD;N
1630;2001148;LONDON (1630);WC2R 0AA;N
758;2000489;LUTON (0758);LU1 2BG;N
311;2000440;EXMOUTH (0311);EX8 1HB;N
5846;2001692;MIDDLESBROUGH (5846);TS9 5DQ;N
5344;2001447;DERBY (5344);DE74 2ED;N
176;2000119;Sudbury Market Hill (176);CO10 2EA ;N
853;2000151;London Wimbledon Ctr Ct Sc (853);SW19 8YE ;N
1834;2000356;London Kentish Town Road (1834);NW5 2AE;N
6599;2000101;Birmingham St Andrews RP(6599);B10 0XA;N
912;2000040;Edgware Broadwalk Sc (912);HA8 7BD;N
5413;2000271;Cowes Hc (5413);PO31 7ER;N
960;2000043;Redhill High Street(960);RH1 1RD;N
443;2000139;Llandudno Victoria Centre;LL30 2NG;N
642;2000175;Montrose High St (642);DD10 8QZ ;N
1655;2000366;Kingston on Thames Tolworth (1655);KT6 7DW;N
6478;2000189;Liverpool New Mersey Rp (6478);L24 8QB;N
983;2000045;Bexhill On Sea Devonshire Road(983);TN40 1AU;N
989;2000047;Sittingbourne High Street(989);ME10 4PL;N
5440;2000276;Danbury Eves Corner (5440);CM3 4QF;N
1862;2000181;Selsey High St (1862);PO20 0QB;N
1800;2000548;CORBY (1800);NN17 1PD;N
6449;2000226;Aberdeen Garthdee Rd Rp (6449);AB10 7AY;N
2074;2000183;Brecon Bethal Square;LD3 7JP;N
992;2000048;Herne Bay Mortimer Street(992);CT6 5EB;N
1003;2000050;Isle Of Wight Newport(1003);PO30 1TP;N
65;2000190;Rustington 6-7 Churchill Pde (65);BN16 3DJ;N
5452;2000278;Eastbourne Princes Pk Hc (5452);BN22 7PF;N
1802;2000549;DISS (1802);IP22 4AB;N
5974;2000320;Liverpool Whiston (5974);L35 3SX;N
459;2000186;Newbury Northbrook St (459);RG14 1DJ ;N
2207;2000249;Longtown English St (2207);CA6 5SD;N
5471;2000279;Brandon High St (5471);IP27 0AQ ;N
1332;2000069;Wells The Priory Health Park(1332);BA5 1XJ;N
1815;2000551;CHELMSFORD (1815);CM1 1DD;N
1032;2000052;London Ealing 24 The Broadway(1032);W5 2NP;N
6221;2000329;Great Harwood Queens St (6221);BB6 7QQ;N
472;2000187;Abingdon Bury St (472);OX14 3QT ;N
5386;2000270;Kilmarnock Grange St (5386);KA1 2DD ;N
5614;2000292;Christchurch Twynham Ave (5614);BH23 1QU ;N
189;2000115;Leicester Beaumont Leys (189);LE4 1DG ;N
1833;2000553;IPSWICH (1833);IP1 3AA;N
644;2000195;Glasgow Silverburn Sc (644);G53 6AG ;N
1299;2000374;Manchester Blackley (1299);M9 0RD;N
2028;2000224;Glasgow Cmbrnd Antonine Sc (2028);G67 1JW;N
5645;2000296;Chelmsford Sunrise (5645);CM1 4JW ;N
5689;2000300;Ashton In Makerfield Bryn (5689);WN4 0AR;N
1298;2000118;Birmingham High St (1298);B4 7TA;N
1839;2000554;EDMONTON GREEN (1839);N9 0HW;N
5296;2000241;Stalham High St (5296);NR12 9AS;N
6423;2000565;EASTBOURNE (6423);BN23 6JH;N
682;2000230;Falkirk 79-91 High St (682);FK1 1HB ;N
18;2000378;BULWELL (0018);NG6 8HD;N
5877;2000313;Dunoon 182 Argyll St (5877);PA23 7HA ;N
341;2000134;Treorchy High Street;CF42 6AT;N
5195;2000263;Leicester 149 Uppingham Rd (5195);LE5 4BP ;N
2004;2000557;YORK (2004);YO1 9QL;N
2381;2000252;Barrow IF Risedale Rd (2381);LA13 9RD ;N
2150;2000568;Leeds Thorpe Park;LS15 8GG;N
31;2000382;LINCOLN (0031);LN5 7DZ;N
5425;2000274;North Walsham Market Pl (5425);NR28 9BP;N
6113;2000326;Shipston On Stour Sheep St (6113);CV36 4AF ;N
1019;2000153;Romsey The Hundred (1019);SO51 8GD ;N
5250;2000265;Motherwell Windmillhill St (5250);ML1 1TA ;N
2006;2000558;BLETCHLEY (2006);MK2 2ES;N
52;2000386;ROTHERHAM (0052);S65 1AL;N
5232;2000258;Coatbridge Woodside (5232);ML5 5NJ ;N
6544;2000572;BRISTOL (6544);BS30 7ES;N
5954;2000364;Cwmbran Commercial Street;NP44 3LR;N
1251;2000168;Stockport Edgeley (1251);SK3 9AL ;N
1545;2001127;EASTLEIGH (1545);SO53 2DP;N
273;2000433;CREWE (0273);CW1 2EX;N
77;2000394;LOWESTOFT (0077);NR32 1ET;N
504;2000469;NELSON (0504);BB9 9SL;N
6584;2000575;YEOVIL (6584);BA21 5BT;N
5382;2000365;Wymondham Medical Centre (5382);NR18 0NL;N
669;2000197;Dundee High St (669);DD1 1UL ;N
1590;2001137;MORECAMBE (1590);LA4 4UZ;N
511;2000472;CHESTER LE STREET (0511);DH3 3YQ;N
140;2000404;HUNTINGDON (0140);PE29 3AQ;N
6585;2000576;ASHFORD (6585);TN24 0SG;N
570;2000482;HULL (0570);HU2 8PS;N
5305;2001419;LOUTH (5305);LN11 9AA;N
720;2000200;London Wembley High Rd (720);HA9 7BH ;N
1616;2001142;CHELSEA (1616);SW3 4UD;N
692;2000485;BERWICK UPON TWEED (0692);TD15 1BN;N
643;2002029;Bangor Bloomfield Shopping Centre;BT19 7HB;N
661;2002032;Bangor Main Street;BT20 4HD;N
4646;2002083;Londonderry Lower Road;BT48 7DP;N
2051;2002021;Dolgellau Queens Square;LL40 1AL;N
633;2002028;Belfast Donegal Place;BT1 5AD;N
1596;2002050;Armagh Scotch Street;BT61 7BY;N
4610;2002057;Coleraine Asda Shopping Centre;BT52 1QP;N
4613;2002060;Newtownards Frances Street;BT23 7DY;N
4641;2002079;Cookstown Burn;BT80 8DR;N
253;2002010;Colwyn Bay Station Road;LL29 8BU;N
283;2002012;Llanelli Vaughan Street;SA15 3US;N
293;2002013;Carmarthen Red Street;SA31 1QL;N
299;2002015;Holyhead Market Street;LL65 1UN;N
333;2002016;Tenby High Street;SA70 7HD;N
449;2002018;Lampeter Harford Square;SA48 7DX;N
1574;2002041;Banbridge Newry Street;BT32 3EA;N
463;2002019;Fishguard Market Square;SA65 9HA;N
1580;2002045;Strabane Main Street;BT82 8AX;N
4611;2002058;Cullybackey Main Street;BT42 1BW;N
4631;2002071;Holywood 136 High Street;BT18 9HW;N
6390;2002023;Haverfordwest Withybush Retail Park;SA61 2PY;N
297;2002014;Caernarfon Pool Lane;LL55 2AL;N
337;2002017;Pontypool George Street;NP4 6LR;N
1045;2002020;Aberystwyth Terrace Road;SY23 2AF;N
4633;2002073;Lisburn Market Sq AP1033 (4633);BT28 1AG;N
1562;2002040;Londonderry Foyleside Shopping;BT48 6XY;N
6385;2002096;Londonderry Crescent Link Retail;BT47 6SA;N
1576;2002043;Dungannon 13 Market Square;BT70 1AB;N
4628;2002069;Belfast Woodstock Road;BT6 8PQ;N
4632;2002072;Lisburn Market Lane;BT28 1YG;N
280;2002011;Swansea The Quadrant Centre;SA1 3AD;N
658;2002031;Lisburn Bow Street;BT28 1BJ;N
695;2002034;Coleraine Church Street;BT52 1AR;N
4619;2002063;Markethill The Square;BT60 1RB;N
681;2002033;Ballymena The Tower Centre;BT43 6AH;N
1584;2002046;Larne Main Street;BT40 1SS;N
4612;2002059;Dromara Hillsborough Road;BT25 2BL;N
4643;2002081;Dungannon 2Mkt Sq AP1043 (4643);BT70 1AB;N
4651;2002088;Belfast 44 Holywood Road;BT4 1NT;N
9001;1009999;Pharmacy Supply Team;;N
290;2001965;Neath Water Street;SA11 3EP;N
2021;2001989;CARDIFF (2021);CF10 1NL;N
678;2001981;Abergele Cae Eithin;LL22 8LJ;N
6588;2002008;Merthyr Tydfil Cyfarthfa Retail;CF48 1HY;N
469;2001975;Abertillery Church Street;NP13 1DA;N
2167;2002099;Boots Online Prescription Service;LE1 1DD;N
229;2002100;Holbeach High Street;PE12 7DY;N
1998;2002101;Newbury Retail Pk;RG14 7HU;N
2129;2002102;Fazakerley Landford Ave Liverpool;L9 6BR;N
5578;2002103;Whittlesey New Queen Street;PE7 1AT;N
5643;2002104;Newbury Bartholomew Street;RG14 5EF;N
5709;2002105;Livingston Mall;EH54 5ED;N
5813;2002106;Norwich Magdalen Medical Practice;NR3 4LF;N
5821;2002107;Glenrothes Cos Lane;KY7 4AQ;N
5844;2002108;Dersingham Jubilee Court;PE31 6HH;N
6598;2002109;Elgin Springfield Retail Park;IV30 6WQ;N
6706;2002110;Galashiels Gala Water Retail Park;TD1 3AP;N
672;2002111;Inverness Eastgate Shopping Ctr;IV2 3PP;N
674;2002112;Perth High Street;PH1 5UN;N
6009;2002113;Edinburgh The Gyle Centre;EH12 9JR;N
494;2002122;Cardiff Whitchurch;CF14 1DA;N
5149;2002114;Barton Upon Humber George Street;DN18 5ES;N
1382;2002123;Cardiff Riverside Health centre;CF11 9SH;N
5197;2002115;Sutton on Hull Church Street;HU7 4TG;N
2008;2002124;Cardiff Llanrumny;CF3 5SL;N
5910;2002116;Market Weighton Market Place;YO43 3AJ;N
6439;2002125;Cardiff Bay Retail Park;CF11 0JR;N
224;2002117;Merthyr Tydfil St Tydfil Sq SC;CF47 8EL;N
323;2002126;Cardiff Queen Street;CF10 2RG;N
295;2002118;Barry Holton Road;CF63 4SW;N
286;2002127;Pontypridd Taff Street;CF37 4SU;N
322;2002119;Cardiff Albany Road;CF24 3LN;N
296;2002128;Bridgend Caroline Street;CF31 1DQ;N
324;2002120;Cardiff Cowbridge Road East;CF11 9AL;N
5474;2002129;Leamington Spa Oxford Street;CV32 4RA;N
331;2002121;Cardiff Penarth;CF64 1YJ;N
5984;2002130;Holland on Sea Frinton Road;CO15 5UH;N
5546;2002131;Launceston Broad Street;PL15 8AE;N
137;2002133;Hunstanton High Street;PE36 5AB;N
5933;2002134;Selby Market Cross Shopping Centre;YO8 4JS;N
1638;2002135;March Riverside Healthcentre;PE15 8BG;N
